design,category,top,recipe,is_winner,cells,area_um2,wns_ns,tns_ns,abc_delay_ps,runtime_s,status,error
alu32,datapath,alu32,delay_choice_deep_v3,0,2051,10917.97,-3.588,-26.482,10559.38,0.7,ok,
alu32,datapath,alu32,yosys_default,0,2064,10724.04,-4.608,-55.167,11830.39,0.8,ok,
alu32,datapath,alu32,delay_choice_deep,0,2064,10729.04,-2.812,-22.545,9783.68,0.8,ok,
alu32,datapath,alu32,delay_choice_deep_v4,0,2015,10774.08,-2.599,-16.220,9572.25,0.8,ok,
alu32,datapath,alu32,delay_choice_deep_bb,0,2019,10820.38,-3.089,-25.503,10340.42,0.8,ok,
alu32,datapath,alu32,delay_choice_deep_v2,0,2064,10729.04,-2.812,-22.545,9783.68,0.9,ok,
alu32,datapath,alu32,orfs_speed,0,2064,10729.04,-2.812,-22.545,9783.68,0.9,ok,
alu32,datapath,alu32,balanced_resyn,0,1977,10428.75,-4.976,-46.084,11687.67,1.1,ok,
alu32,datapath,alu32,area_safe,0,2051,10598.92,-4.967,-55.229,11666.42,1.1,ok,
alu32,datapath,alu32,area_classic,0,2004,10513.83,-3.982,-49.716,11329.60,1.1,ok,
alu32,datapath,alu32,area_lut6,0,2039,10577.64,-4.350,-51.449,11212.60,1.2,ok,
alu32,datapath,alu32,delay_triple,0,2020,10611.43,-2.613,-8.774,9341.43,1.5,ok,
alu32,datapath,alu32,balanced_resyn2x,0,1985,10356.18,-4.582,-44.835,11511.02,1.6,ok,
alu32,datapath,alu32,area_max,0,1985,10359.94,-4.772,-53.622,12171.81,1.7,ok,
alu32,datapath,alu32,delay_iter_heavy,1,2001,10478.80,-2.457,-12.928,9576.92,1.8,ok,
alu32,datapath,alu32,delay_aggressive,0,2001,10445.02,-5.099,-61.042,11858.38,2.1,ok,
mul16_pipe,datapath,mul16_pipe,delay_choice_deep_v3,0,1849,12329.32,-1.847,-14.455,9675.49,0.5,ok,
mul16_pipe,datapath,mul16_pipe,yosys_default,0,1898,12234.23,-4.609,-42.353,12683.93,0.5,ok,
mul16_pipe,datapath,mul16_pipe,delay_choice_deep,0,1826,12125.38,-1.323,-8.878,9323.36,0.5,ok,
mul16_pipe,datapath,mul16_pipe,orfs_speed,0,1826,12125.38,-1.323,-8.878,9323.36,0.5,ok,
mul16_pipe,datapath,mul16_pipe,delay_choice_deep_bb,0,1915,12451.94,-3.012,-18.205,10904.85,0.6,ok,
mul16_pipe,datapath,mul16_pipe,delay_choice_deep_v2,0,1826,12125.38,-1.323,-8.878,9323.36,0.6,ok,
mul16_pipe,datapath,mul16_pipe,delay_choice_deep_v4,0,1905,12455.70,-3.084,-22.898,11003.74,0.6,ok,
mul16_pipe,datapath,mul16_pipe,balanced_resyn,0,1860,12253.00,-1.266,-10.167,9564.62,0.9,ok,
mul16_pipe,datapath,mul16_pipe,area_safe,0,1856,12086.59,-4.751,-35.475,12613.88,0.9,ok,
mul16_pipe,datapath,mul16_pipe,area_classic,0,1852,12104.11,-4.319,-39.001,12306.36,0.9,ok,
mul16_pipe,datapath,mul16_pipe,area_lut6,0,1851,12047.80,-4.559,-30.886,12383.49,1.0,ok,
mul16_pipe,datapath,mul16_pipe,delay_triple,0,1871,12170.42,-1.960,-14.194,10039.07,1.2,ok,
mul16_pipe,datapath,mul16_pipe,balanced_resyn2x,0,1876,12266.76,-2.337,-13.635,9825.86,1.3,ok,
mul16_pipe,datapath,mul16_pipe,delay_iter_heavy,1,1864,12194.20,-1.071,-7.786,9340.75,1.3,ok,
mul16_pipe,datapath,mul16_pipe,area_max,0,1892,12254.25,-3.927,-27.677,11426.74,1.6,ok,
mul16_pipe,datapath,mul16_pipe,delay_aggressive,0,1875,12091.60,-4.169,-35.345,11809.48,2.0,ok,
mul32_mac,datapath,mul32_mac,delay_choice_deep_v3,0,6430,39414.05,-3.896,-4.622,11893.72,1.4,ok,
mul32_mac,datapath,mul32_mac,orfs_speed,0,6338,38939.85,-4.273,-4.932,12243.65,1.6,ok,
mul32_mac,datapath,mul32_mac,delay_choice_deep,0,6338,38939.85,-4.273,-4.932,12243.65,1.6,ok,
mul32_mac,datapath,mul32_mac,yosys_default,0,6703,39185.08,-8.964,-138.442,17201.82,1.7,ok,
mul32_mac,datapath,mul32_mac,delay_choice_deep_v2,0,6338,38939.85,-4.273,-4.932,12243.65,1.8,ok,
mul32_mac,datapath,mul32_mac,delay_choice_deep_v4,0,6266,38171.61,-5.319,-36.542,13515.24,1.9,ok,
mul32_mac,datapath,mul32_mac,delay_choice_deep_bb,0,6362,38289.22,-5.240,-26.210,13277.63,1.9,ok,
mul32_mac,datapath,mul32_mac,balanced_resyn,1,6482,39145.04,-3.778,-3.778,11566.26,3.0,ok,
mul32_mac,datapath,mul32_mac,area_safe,0,6452,38443.12,-8.561,-113.716,16143.14,3.1,ok,
mul32_mac,datapath,mul32_mac,area_lut6,0,6445,38430.61,-14.012,-200.779,21188.05,3.5,ok,
mul32_mac,datapath,mul32_mac,area_classic,0,6414,38285.47,-16.511,-239.339,23201.30,3.5,ok,
mul32_mac,datapath,mul32_mac,delay_triple,0,6526,39372.76,-4.341,-4.836,11875.28,4.3,ok,
mul32_mac,datapath,mul32_mac,balanced_resyn2x,0,6527,39374.01,-4.048,-4.048,11788.28,4.9,ok,
mul32_mac,datapath,mul32_mac,delay_iter_heavy,0,6549,39499.13,-3.926,-3.926,11549.09,5.3,ok,
mul32_mac,datapath,mul32_mac,area_max,0,6653,39039.94,-17.604,-283.163,24367.80,5.7,ok,
mul32_mac,datapath,mul32_mac,delay_aggressive,0,6562,38500.68,-16.735,-263.629,23565.69,7.5,ok,
fir8,dsp,fir8,delay_choice_deep_v3,0,1734,13097.56,-0.667,-3.861,11692.78,0.5,ok,
fir8,dsp,fir8,delay_choice_deep_bb,0,1759,13258.97,-1.761,-10.878,12734.16,0.6,ok,
fir8,dsp,fir8,orfs_speed,0,1708,12946.17,-0.580,-3.069,11727.11,0.6,ok,
fir8,dsp,fir8,yosys_default,0,1691,12841.07,-2.377,-14.708,13732.18,0.6,ok,
fir8,dsp,fir8,delay_choice_deep,0,1708,12946.17,-0.580,-3.069,11727.11,0.7,ok,
fir8,dsp,fir8,delay_choice_deep_v4,0,1799,13392.84,-1.473,-9.550,12784.11,0.7,ok,
fir8,dsp,fir8,delay_choice_deep_v2,0,1708,12946.17,-0.580,-3.069,11727.11,0.7,ok,
fir8,dsp,fir8,balanced_resyn,0,1697,12831.06,-1.014,-6.103,12090.44,0.9,ok,
fir8,dsp,fir8,area_lut6,0,1655,12569.56,-2.103,-12.811,13831.58,1.1,ok,
fir8,dsp,fir8,area_safe,0,1652,12588.32,-2.103,-13.399,13831.46,1.1,ok,
fir8,dsp,fir8,area_classic,0,1708,12853.58,-2.370,-16.188,13791.36,1.2,ok,
fir8,dsp,fir8,delay_triple,1,1733,12987.46,-0.453,-2.192,12014.90,1.2,ok,
fir8,dsp,fir8,balanced_resyn2x,0,1660,12640.87,-1.153,-7.108,12338.77,1.5,ok,
fir8,dsp,fir8,delay_iter_heavy,0,1740,13012.48,-0.810,-2.372,12082.28,1.6,ok,
fir8,dsp,fir8,area_max,0,1651,12503.24,-3.613,-27.323,14244.10,1.9,ok,
fir8,dsp,fir8,delay_aggressive,0,1648,12401.89,-2.584,-17.394,13045.74,2.2,ok,
aes_round,crypto,aes_round,delay_choice_deep_v3,0,9563,53192.27,0.013,0.000,7114.78,4.0,ok,
aes_round,crypto,aes_round,yosys_default,0,9447,50574.76,-0.179,-0.229,6954.21,4.3,ok,
aes_round,crypto,aes_round,delay_choice_deep_v4,0,9477,52218.83,-0.005,-0.005,7005.06,4.4,ok,
aes_round,crypto,aes_round,delay_choice_deep,0,9666,53351.17,-0.105,-0.305,7173.30,4.4,ok,
aes_round,crypto,aes_round,delay_choice_deep_bb,0,9440,51972.35,0.072,0.000,6980.97,4.4,ok,
aes_round,crypto,aes_round,orfs_speed,0,9666,53351.17,-0.105,-0.305,7173.30,4.5,ok,
aes_round,crypto,aes_round,delay_choice_deep_v2,0,9666,53351.17,-0.105,-0.305,7173.30,4.7,ok,
aes_round,crypto,aes_round,balanced_resyn,0,9626,50060.51,0.007,0.000,7052.34,5.3,ok,
aes_round,crypto,aes_round,area_safe,0,9577,50064.27,0.101,0.000,6813.97,6.4,ok,
aes_round,crypto,aes_round,area_classic,0,9273,48611.62,-0.003,-0.003,7200.37,6.4,ok,
aes_round,crypto,aes_round,area_lut6,0,9562,49261.00,0.103,0.000,6861.61,6.6,ok,
aes_round,crypto,aes_round,balanced_resyn2x,0,9475,50353.29,0.070,0.000,6979.91,8.3,ok,
aes_round,crypto,aes_round,delay_triple,0,9486,50527.21,0.256,0.000,6777.42,8.6,ok,
aes_round,crypto,aes_round,area_max,0,9237,48206.23,0.137,0.000,6829.52,9.2,ok,
aes_round,crypto,aes_round,delay_iter_heavy,0,9484,50354.54,0.200,0.000,6830.90,9.9,ok,
aes_round,crypto,aes_round,delay_aggressive,1,9359,48368.89,0.305,0.000,6775.61,11.5,ok,
sha256_core,crypto,sha256_core,delay_choice_deep_v3,0,8930,67317.06,-2.278,-37.032,14266.25,2.4,ok,
sha256_core,crypto,sha256_core,yosys_default,0,8274,64795.89,-5.374,-145.156,17299.29,2.5,ok,
sha256_core,crypto,sha256_core,delay_choice_deep,0,8788,66560.09,-2.084,-33.933,14108.20,2.7,ok,
sha256_core,crypto,sha256_core,delay_choice_deep_v4,0,8538,66140.93,-4.097,-101.638,16247.87,2.8,ok,
sha256_core,crypto,sha256_core,delay_choice_deep_bb,0,8532,66055.85,-4.125,-101.488,16080.52,2.8,ok,
sha256_core,crypto,sha256_core,orfs_speed,0,8788,66560.09,-2.084,-33.933,14108.20,2.9,ok,
sha256_core,crypto,sha256_core,delay_choice_deep_v2,0,8788,66560.09,-2.084,-33.933,14108.20,3.0,ok,
sha256_core,crypto,sha256_core,balanced_resyn,0,8685,65911.96,-2.280,-37.947,14727.19,3.9,ok,
sha256_core,crypto,sha256_core,area_safe,0,8076,63407.06,-4.782,-123.147,17165.65,4.1,ok,
sha256_core,crypto,sha256_core,area_classic,0,8156,63856.24,-5.150,-136.511,17331.90,4.2,ok,
sha256_core,crypto,sha256_core,area_lut6,0,7821,62957.88,-5.333,-147.981,17257.18,4.4,ok,
sha256_core,crypto,sha256_core,delay_triple,1,8316,65081.17,-1.740,-24.731,14052.08,5.6,ok,
sha256_core,crypto,sha256_core,balanced_resyn2x,0,8673,65631.70,-2.492,-42.764,14646.85,5.8,ok,
sha256_core,crypto,sha256_core,area_max,0,8090,63098.02,-4.562,-114.928,16887.32,6.5,ok,
sha256_core,crypto,sha256_core,delay_iter_heavy,0,8304,64956.05,-2.084,-24.501,14264.31,6.6,ok,
sha256_core,crypto,sha256_core,delay_aggressive,0,8036,63027.95,-4.309,-98.567,16673.78,7.9,ok,
crc32_8,logic,crc32_8,delay_choice_deep_v3,0,198,1970.64,-0.938,-10.719,4295.37,0.1,ok,
crc32_8,logic,crc32_8,delay_choice_deep,0,198,1975.64,-1.507,-18.939,5205.20,0.1,ok,
crc32_8,logic,crc32_8,delay_choice_deep_bb,0,182,1859.28,-1.034,-7.084,4395.69,0.1,ok,
crc32_8,logic,crc32_8,delay_choice_deep_v4,0,180,1873.05,-1.312,-13.688,4836.73,0.1,ok,
crc32_8,logic,crc32_8,orfs_speed,0,198,1975.64,-1.507,-18.939,5205.20,0.1,ok,
crc32_8,logic,crc32_8,delay_triple,1,220,1949.37,-0.803,-8.000,4358.47,0.2,ok,
crc32_8,logic,crc32_8,balanced_resyn,0,231,1968.14,-1.098,-9.008,4619.96,0.2,ok,
crc32_8,logic,crc32_8,delay_choice_deep_v2,0,198,1975.64,-1.507,-18.939,5205.20,0.2,ok,
crc32_8,logic,crc32_8,area_safe,0,249,2011.93,-1.438,-12.361,4922.27,0.2,ok,
crc32_8,logic,crc32_8,area_classic,0,247,2014.43,-1.178,-10.815,4574.48,0.2,ok,
crc32_8,logic,crc32_8,yosys_default,0,220,1958.13,-1.060,-9.593,4670.42,0.2,ok,
crc32_8,logic,crc32_8,delay_iter_heavy,0,220,1944.36,-0.984,-7.242,4266.96,0.2,ok,
crc32_8,logic,crc32_8,balanced_resyn2x,0,227,1939.36,-1.171,-10.222,4273.50,0.2,ok,
crc32_8,logic,crc32_8,area_lut6,0,244,1974.39,-1.278,-13.550,4964.42,0.2,ok,
crc32_8,logic,crc32_8,area_max,0,239,1971.89,-1.154,-9.916,4457.36,0.2,ok,
crc32_8,logic,crc32_8,delay_aggressive,0,234,1938.11,-1.202,-9.050,4421.72,0.3,ok,
rr_arbiter16,logic,rr_arbiter16,delay_choice_deep_v3,0,393,2753.89,-1.689,-30.033,6588.41,0.2,ok,
rr_arbiter16,logic,rr_arbiter16,delay_choice_deep_bb,0,379,2735.12,-1.903,-35.283,6912.42,0.2,ok,
rr_arbiter16,logic,rr_arbiter16,orfs_speed,0,405,2775.16,-2.463,-39.779,7525.71,0.2,ok,
rr_arbiter16,logic,rr_arbiter16,balanced_resyn,0,403,2772.66,-1.627,-27.843,6745.33,0.2,ok,
rr_arbiter16,logic,rr_arbiter16,delay_choice_deep,0,405,2775.16,-2.463,-39.779,7525.71,0.2,ok,
rr_arbiter16,logic,rr_arbiter16,delay_choice_deep_v4,0,379,2735.12,-1.903,-35.283,6912.42,0.2,ok,
rr_arbiter16,logic,rr_arbiter16,delay_choice_deep_v2,0,405,2775.16,-2.463,-39.779,7525.71,0.2,ok,
rr_arbiter16,logic,rr_arbiter16,area_safe,1,387,2733.87,-1.433,-28.079,6807.00,0.2,ok,
rr_arbiter16,logic,rr_arbiter16,yosys_default,0,387,2716.36,-2.043,-29.460,6905.37,0.2,ok,
rr_arbiter16,logic,rr_arbiter16,delay_triple,0,387,2753.89,-2.131,-33.651,7141.66,0.3,ok,
rr_arbiter16,logic,rr_arbiter16,area_classic,0,389,2758.90,-1.985,-40.878,6868.89,0.3,ok,
rr_arbiter16,logic,rr_arbiter16,area_lut6,0,404,2730.12,-1.781,-33.206,7224.55,0.3,ok,
rr_arbiter16,logic,rr_arbiter16,delay_iter_heavy,0,389,2738.88,-2.405,-37.744,7255.41,0.3,ok,
rr_arbiter16,logic,rr_arbiter16,balanced_resyn2x,0,406,2848.98,-1.735,-18.688,6707.14,0.3,ok,
rr_arbiter16,logic,rr_arbiter16,area_max,0,382,2693.83,-2.087,-38.462,7153.27,0.3,ok,
rr_arbiter16,logic,rr_arbiter16,delay_aggressive,0,395,2717.61,-1.811,-29.201,6823.38,0.4,ok,
uart,control,uart,delay_choice_deep_v3,0,394,3479.59,-0.477,-4.470,3740.23,0.2,ok,
uart,control,uart,delay_choice_deep,0,392,3458.32,-0.542,-5.119,3827.85,0.2,ok,
uart,control,uart,delay_choice_deep_v2,0,392,3458.32,-0.542,-5.119,3827.85,0.2,ok,
uart,control,uart,delay_choice_deep_bb,0,369,3400.76,-2.340,-13.863,5457.91,0.2,ok,
uart,control,uart,delay_choice_deep_v4,0,378,3389.50,-2.340,-11.024,5457.91,0.2,ok,
uart,control,uart,yosys_default,0,381,3423.28,-1.892,-11.628,5003.04,0.2,ok,
uart,control,uart,orfs_speed,0,392,3458.32,-0.542,-5.119,3827.85,0.2,ok,
uart,control,uart,balanced_resyn,0,393,3415.78,-0.450,-4.813,3649.13,0.2,ok,
uart,control,uart,delay_triple,0,389,3433.29,-0.380,-5.343,3762.42,0.2,ok,
uart,control,uart,balanced_resyn2x,0,396,3429.54,-0.516,-6.039,3790.82,0.2,ok,
uart,control,uart,area_safe,0,379,3366.98,-1.913,-13.281,4998.58,0.2,ok,
uart,control,uart,area_classic,0,370,3309.42,-1.482,-15.932,4551.83,0.2,ok,
uart,control,uart,area_lut6,0,375,3360.72,-2.366,-16.846,5458.28,0.2,ok,
uart,control,uart,delay_iter_heavy,1,391,3430.79,-0.380,-5.343,3762.42,0.3,ok,
uart,control,uart,area_max,0,363,3294.41,-2.371,-22.440,5457.91,0.3,ok,
uart,control,uart,delay_aggressive,0,361,3296.91,-2.370,-13.604,5457.91,0.3,ok,
spi_master,control,spi_master,delay_choice_deep_v3,0,496,4549.36,-1.419,-40.524,4069.40,0.2,ok,
spi_master,control,spi_master,delay_choice_deep,0,477,4439.26,-1.226,-31.036,3904.77,0.2,ok,
spi_master,control,spi_master,delay_choice_deep_v2,0,477,4439.26,-1.226,-31.036,3904.77,0.2,ok,
spi_master,control,spi_master,delay_choice_deep_bb,0,495,4554.37,-1.441,-43.076,4122.19,0.2,ok,
spi_master,control,spi_master,delay_choice_deep_v4,0,495,4554.37,-1.441,-43.076,4122.19,0.2,ok,
spi_master,control,spi_master,orfs_speed,0,477,4439.26,-1.226,-31.036,3904.77,0.2,ok,
spi_master,control,spi_master,yosys_default,0,484,4347.92,-0.478,-10.210,3630.66,0.2,ok,
spi_master,control,spi_master,balanced_resyn,0,498,4475.54,-0.863,-21.845,3716.94,0.2,ok,
spi_master,control,spi_master,area_classic,0,488,4399.22,-0.904,-23.877,3979.14,0.2,ok,
spi_master,control,spi_master,area_safe,1,485,4346.67,-0.128,-4.001,3163.34,0.2,ok,
spi_master,control,spi_master,area_lut6,0,476,4362.93,-0.320,-6.953,3225.58,0.2,ok,
spi_master,control,spi_master,balanced_resyn2x,0,491,4391.71,-0.635,-17.625,3489.62,0.3,ok,
spi_master,control,spi_master,delay_triple,0,477,4425.49,-1.203,-30.571,3893.86,0.3,ok,
spi_master,control,spi_master,delay_iter_heavy,0,479,4429.25,-1.204,-30.792,3920.50,0.4,ok,
spi_master,control,spi_master,area_max,0,482,4346.67,-0.497,-10.810,3691.36,0.4,ok,
spi_master,control,spi_master,delay_aggressive,0,479,4349.17,-0.133,-0.932,3295.65,0.4,ok,
apb_timer,peripheral,apb_timer,delay_choice_deep_v3,0,1334,11140.68,-1.009,-31.426,5474.12,0.4,ok,
apb_timer,peripheral,apb_timer,delay_choice_deep,1,1343,11114.41,-0.671,-20.330,4975.12,0.4,ok,
apb_timer,peripheral,apb_timer,delay_choice_deep_bb,0,1344,11139.43,-3.604,-133.325,7676.04,0.4,ok,
apb_timer,peripheral,apb_timer,yosys_default,0,1312,10912.97,-5.029,-174.622,9172.21,0.3,ok,
apb_timer,peripheral,apb_timer,delay_choice_deep_v2,0,1343,11114.41,-0.671,-20.330,4975.12,0.4,ok,
apb_timer,peripheral,apb_timer,delay_choice_deep_v4,0,1351,11156.95,-2.792,-102.200,6881.92,0.4,ok,
apb_timer,peripheral,apb_timer,orfs_speed,0,1343,11114.41,-0.671,-20.330,4975.12,0.4,ok,
apb_timer,peripheral,apb_timer,balanced_resyn,0,1352,11083.13,-2.360,-87.313,6571.09,0.5,ok,
apb_timer,peripheral,apb_timer,area_safe,0,1264,10655.22,-5.633,-147.701,9886.88,0.5,ok,
apb_timer,peripheral,apb_timer,area_classic,0,1391,11134.43,-5.323,-169.062,9416.50,0.5,ok,
apb_timer,peripheral,apb_timer,area_lut6,0,1298,10711.52,-5.443,-178.061,9652.08,0.6,ok,
apb_timer,peripheral,apb_timer,balanced_resyn2x,0,1340,11039.34,-2.917,-97.499,7311.63,0.7,ok,
apb_timer,peripheral,apb_timer,delay_triple,0,1334,10909.21,-1.524,-56.375,5723.04,0.7,ok,
apb_timer,peripheral,apb_timer,delay_iter_heavy,0,1327,10854.16,-1.694,-68.490,6010.18,0.8,ok,
apb_timer,peripheral,apb_timer,area_max,0,1325,10751.56,-5.414,-183.256,9473.75,0.8,ok,
apb_timer,peripheral,apb_timer,delay_aggressive,0,1323,10704.02,-4.284,-149.713,8500.59,1.1,ok,
fifo_sync,memory,fifo_sync,delay_choice_deep_v3,0,2405,25778.47,-1.939,-845.250,4385.82,0.4,ok,
fifo_sync,memory,fifo_sync,delay_choice_deep_bb,0,2406,25808.50,-1.294,-588.747,4256.52,0.5,ok,
fifo_sync,memory,fifo_sync,delay_choice_deep,0,2407,25774.72,-2.214,-715.452,4689.36,0.5,ok,
fifo_sync,memory,fifo_sync,delay_choice_deep_v4,0,2411,25808.50,-1.975,-617.325,4391.32,0.5,ok,
fifo_sync,memory,fifo_sync,orfs_speed,0,2407,25774.72,-2.214,-715.452,4689.36,0.5,ok,
fifo_sync,memory,fifo_sync,yosys_default,0,2421,25891.08,-2.191,-791.812,4674.28,0.5,ok,
fifo_sync,memory,fifo_sync,delay_choice_deep_v2,0,2407,25774.72,-2.214,-715.452,4689.36,0.5,ok,
fifo_sync,memory,fifo_sync,balanced_resyn,0,2404,25801.00,-1.573,-601.894,3975.80,0.6,ok,
fifo_sync,memory,fifo_sync,area_classic,0,2363,25758.45,-1.305,-575.181,3780.75,0.7,ok,
fifo_sync,memory,fifo_sync,area_safe,0,2392,25764.71,-1.407,-632.339,3849.35,0.7,ok,
fifo_sync,memory,fifo_sync,area_lut6,1,2382,25752.20,-1.210,-517.120,3769.98,0.8,ok,
fifo_sync,memory,fifo_sync,delay_triple,0,2405,25755.95,-2.120,-578.577,4459.25,0.9,ok,
fifo_sync,memory,fifo_sync,balanced_resyn2x,0,2404,25801.00,-1.405,-622.876,3956.88,1.0,ok,
fifo_sync,memory,fifo_sync,delay_iter_heavy,0,2404,25759.71,-2.317,-789.805,4745.12,1.2,ok,
fifo_sync,memory,fifo_sync,area_max,0,2376,25739.69,-1.305,-565.827,3801.48,1.2,ok,
fifo_sync,memory,fifo_sync,delay_aggressive,0,2385,25732.18,-1.314,-568.152,3765.64,1.5,ok,
zx16_core_ahb,cpu,zx16_core_ahb,delay_choice_deep_v3,0,2891,19255.97,-3.266,-269.735,9592.01,1.0,ok,
zx16_core_ahb,cpu,zx16_core_ahb,orfs_speed,0,2884,19507.46,-2.696,-260.168,9156.18,1.1,ok,
zx16_core_ahb,cpu,zx16_core_ahb,delay_choice_deep_bb,0,2880,19313.52,-3.189,-350.723,9589.62,1.1,ok,
zx16_core_ahb,cpu,zx16_core_ahb,delay_choice_deep,0,2884,19502.45,-2.696,-260.168,9156.18,1.2,ok,
zx16_core_ahb,cpu,zx16_core_ahb,delay_choice_deep_v4,0,2888,19293.50,-4.065,-433.966,10550.77,1.1,ok,
zx16_core_ahb,cpu,zx16_core_ahb,delay_choice_deep_v2,0,2884,19502.45,-2.696,-260.168,9156.18,1.2,ok,
zx16_core_ahb,cpu,zx16_core_ahb,yosys_default,0,2830,18984.46,-3.717,-360.453,10105.28,1.2,ok,
zx16_core_ahb,cpu,zx16_core_ahb,balanced_resyn,0,2963,19541.24,-2.584,-331.824,9327.60,1.5,ok,
zx16_core_ahb,cpu,zx16_core_ahb,area_classic,0,2832,18816.80,-3.073,-286.727,9495.27,1.6,ok,
zx16_core_ahb,cpu,zx16_core_ahb,area_safe,0,2794,18754.24,-3.659,-341.460,9965.69,1.6,ok,
zx16_core_ahb,cpu,zx16_core_ahb,area_lut6,0,2828,18784.27,-3.234,-248.994,9713.29,2.0,ok,
zx16_core_ahb,cpu,zx16_core_ahb,delay_triple,1,2853,19336.04,-2.096,-250.605,8601.09,2.3,ok,
zx16_core_ahb,cpu,zx16_core_ahb,balanced_resyn2x,0,2886,19128.35,-3.338,-316.711,9658.60,2.3,ok,
zx16_core_ahb,cpu,zx16_core_ahb,area_max,0,2781,18572.81,-3.095,-233.868,9728.15,2.7,ok,
zx16_core_ahb,cpu,zx16_core_ahb,delay_iter_heavy,0,2845,19318.53,-2.112,-207.370,9186.18,3.0,ok,
zx16_core_ahb,cpu,zx16_core_ahb,delay_aggressive,0,2812,18724.21,-2.718,-202.227,9118.47,3.3,ok,
zxip,soc_ip,zxip_top,delay_choice_deep_v3,1,18186,159439.16,-1.238,-14.822,7491.50,8.8,ok,
zxip,soc_ip,zxip_top,yosys_default,0,17998,157717.51,-1.936,-27.433,8471.78,9.5,ok,
zxip,soc_ip,zxip_top,delay_choice_deep_v4,0,18052,158847.35,-1.996,-27.220,7543.35,9.6,ok,
zxip,soc_ip,zxip_top,orfs_speed,0,18305,159425.40,-2.322,-32.219,7560.39,9.7,ok,
zxip,soc_ip,zxip_top,delay_choice_deep,0,18305,159424.15,-2.322,-32.219,7560.39,10.0,ok,
zxip,soc_ip,zxip_top,delay_choice_deep_bb,0,18083,158877.38,-1.377,-18.583,7661.17,10.1,ok,
zxip,soc_ip,zxip_top,delay_choice_deep_v2,0,18305,159424.15,-2.322,-32.219,7560.39,10.1,ok,
zxip,soc_ip,zxip_top,balanced_resyn,0,18211,155851.97,-1.865,-26.723,8074.16,11.5,ok,
zxip,soc_ip,zxip_top,area_safe,0,18382,156844.18,-1.879,-25.486,8498.39,11.9,ok,
zxip,soc_ip,zxip_top,area_classic,0,18381,156418.77,-1.879,-25.801,8373.31,12.6,ok,
zxip,soc_ip,zxip_top,area_lut6,0,18286,156463.81,-1.908,-25.829,8725.43,13.1,ok,
zxip,soc_ip,zxip_top,balanced_resyn2x,0,17916,155441.58,-1.877,-26.319,7385.92,15.3,ok,
zxip,soc_ip,zxip_top,delay_triple,0,18031,156605.20,-2.016,-28.249,7455.62,15.3,ok,
zxip,soc_ip,zxip_top,area_max,0,18052,156516.36,-1.880,-25.848,7824.48,17.2,ok,
zxip,soc_ip,zxip_top,delay_iter_heavy,0,17707,156435.03,-2.030,-27.133,7219.18,17.6,ok,
zxip,soc_ip,zxip_top,delay_aggressive,0,18191,155972.09,-1.875,-25.694,8618.41,20.3,ok,
ms_psram_ahb,soc_ip,ms_psram_ahb,delay_choice_deep_v3,0,2998,27602.72,-1.882,-7.034,4917.50,0.8,ok,
ms_psram_ahb,soc_ip,ms_psram_ahb,delay_choice_deep_bb,0,2796,25816.01,-1.511,-7.720,8488.83,0.8,ok,
ms_psram_ahb,soc_ip,ms_psram_ahb,orfs_speed,0,2917,26680.59,-1.354,-6.378,5534.31,0.8,ok,
ms_psram_ahb,soc_ip,ms_psram_ahb,delay_choice_deep_v4,0,2811,26115.05,-0.652,-2.067,5687.54,0.8,ok,
ms_psram_ahb,soc_ip,ms_psram_ahb,yosys_default,0,2882,25928.62,-0.697,-2.090,5912.30,0.8,ok,
ms_psram_ahb,soc_ip,ms_psram_ahb,balanced_resyn,0,2737,25186.66,-0.572,-1.754,5006.10,0.9,ok,
ms_psram_ahb,soc_ip,ms_psram_ahb,delay_choice_deep,0,2917,26680.59,-1.354,-6.378,5534.31,0.9,ok,
ms_psram_ahb,soc_ip,ms_psram_ahb,delay_choice_deep_v2,0,2917,26680.59,-1.354,-6.378,5534.31,0.9,ok,
ms_psram_ahb,soc_ip,ms_psram_ahb,area_safe,0,2698,25031.51,-0.327,-0.982,6245.24,0.9,ok,
ms_psram_ahb,soc_ip,ms_psram_ahb,area_classic,0,2717,24966.44,-0.155,-0.465,5768.98,1.0,ok,
ms_psram_ahb,soc_ip,ms_psram_ahb,area_lut6,0,2606,25027.75,-1.287,-5.229,8178.23,1.0,ok,
ms_psram_ahb,soc_ip,ms_psram_ahb,balanced_resyn2x,1,2685,25074.05,0.117,0.000,5649.06,1.3,ok,
ms_psram_ahb,soc_ip,ms_psram_ahb,delay_triple,0,2853,25966.15,-0.637,-1.940,5168.80,1.4,ok,
ms_psram_ahb,soc_ip,ms_psram_ahb,area_max,0,2674,24886.37,-0.397,-1.191,6790.58,1.4,ok,
ms_psram_ahb,soc_ip,ms_psram_ahb,delay_iter_heavy,0,2815,25802.25,-1.475,-7.213,4771.65,1.6,ok,
ms_psram_ahb,soc_ip,ms_psram_ahb,delay_aggressive,0,2634,24933.91,-0.180,-0.541,6209.15,1.8,ok,
uart_apb_sys,soc_ip,uart_apb_sys,delay_choice_deep_v3,0,1896,15885.24,3.112,0.000,4070.02,0.5,ok,
uart_apb_sys,soc_ip,uart_apb_sys,delay_choice_deep_bb,0,1879,15855.21,0.587,0.000,8343.30,0.6,ok,
uart_apb_sys,soc_ip,uart_apb_sys,delay_choice_deep,0,1828,15768.87,3.718,0.000,3804.77,0.6,ok,
uart_apb_sys,soc_ip,uart_apb_sys,orfs_speed,0,1828,15768.87,3.718,0.000,3804.77,0.6,ok,
uart_apb_sys,soc_ip,uart_apb_sys,yosys_default,0,1801,15587.45,-2.454,-10.173,11409.12,0.6,ok,
uart_apb_sys,soc_ip,uart_apb_sys,delay_choice_deep_v2,0,1828,15768.87,3.718,0.000,3804.77,0.6,ok,
uart_apb_sys,soc_ip,uart_apb_sys,balanced_resyn,0,1920,15865.22,3.540,0.000,4227.98,0.6,ok,
uart_apb_sys,soc_ip,uart_apb_sys,delay_choice_deep_v4,0,1898,15965.31,2.568,0.000,6429.26,0.6,ok,
uart_apb_sys,soc_ip,uart_apb_sys,area_safe,0,1804,15607.47,-2.436,-9.849,11593.31,0.7,ok,
uart_apb_sys,soc_ip,uart_apb_sys,area_classic,0,1802,15643.75,-1.741,-6.746,10748.61,0.7,ok,
uart_apb_sys,soc_ip,uart_apb_sys,area_lut6,0,1792,15553.67,-2.436,-9.849,11593.31,0.8,ok,
uart_apb_sys,soc_ip,uart_apb_sys,balanced_resyn2x,0,1883,15726.33,3.542,0.000,3923.88,0.9,ok,
uart_apb_sys,soc_ip,uart_apb_sys,delay_triple,1,1827,15643.75,3.718,0.000,3659.56,0.9,ok,
uart_apb_sys,soc_ip,uart_apb_sys,delay_iter_heavy,0,1828,15652.51,3.718,0.000,3666.26,1.0,ok,
uart_apb_sys,soc_ip,uart_apb_sys,area_max,0,1777,15507.37,-2.188,-9.914,11529.40,1.0,ok,
uart_apb_sys,soc_ip,uart_apb_sys,delay_aggressive,0,1779,15508.62,-0.941,-2.656,10277.47,1.3,ok,
