design,category,top,recipe,is_winner,cells,area_um2,wns_ns,tns_ns,abc_delay_ps,runtime_s,status,error,final_wns_slow,final_tns_slow,final_area_um2
alu32,datapath,alu32,delay_choice_deep_v3,0,2051,11124.42,-1.753,-8.024,8391.89,0.9,ok,,,,
alu32,datapath,alu32,delay_syn2@adder=han-carlson,0,2123,11597.37,-0.181,-0.181,6646.72,0.9,ok,,,,
alu32,datapath,alu32,delay_map@adder=sklansky,0,2447,11750.02,0.667,0.000,6324.14,0.9,ok,,,,
alu32,datapath,alu32,delay_map@adder=han-carlson,0,2471,12021.53,0.660,0.000,6468.47,0.9,ok,,,,
alu32,datapath,alu32,delay_map,0,2454,11901.41,0.723,0.000,6432.42,1.0,ok,,,,
alu32,datapath,alu32,delay_choice_deep_v3@adder=han-carlson,0,2087,11021.82,-1.420,-12.938,8348.14,0.9,ok,,,,
alu32,datapath,alu32,delay_syn2@adder=kogge-stone,0,2249,12585.82,0.706,0.000,6006.23,1.0,ok,,,,
alu32,datapath,alu32,delay_syn2,0,2038,11644.92,-1.227,-2.173,7585.55,1.0,ok,,,,
alu32,datapath,alu32,delay_choice_deep_v3@adder=kogge-stone,0,2150,11547.32,-0.563,-1.355,7370.09,1.0,ok,,,,
alu32,datapath,alu32,delay_map@adder=kogge-stone,0,2665,12951.17,1.181,0.000,5960.46,1.0,ok,,,,
alu32,datapath,alu32,orfs_area@adder=sklansky,0,2164,12607.09,0.112,0.000,6489.26,1.0,ok,,,,
alu32,datapath,alu32,orfs_area,0,2139,12732.21,-0.485,-0.589,6812.25,1.1,ok,,,,
alu32,datapath,alu32,orfs_area@adder=han-carlson,0,2219,12938.66,-0.210,-0.210,6394.26,1.1,ok,,,,
alu32,datapath,alu32,orfs_area@adder=kogge-stone,0,2197,13160.12,-0.233,-0.233,6468.48,1.1,ok,,,,
alu32,datapath,alu32,delay_map_resyn,0,2258,11074.37,-1.268,-6.169,8202.29,1.1,ok,,,,
alu32,datapath,alu32,delay_map_resyn@adder=sklansky,0,2284,10955.51,-1.239,-5.780,8234.28,1.1,ok,,,,
alu32,datapath,alu32,delay_map_resyn@adder=han-carlson,1,2416,11596.12,0.487,0.000,6697.21,1.2,ok,,0.470,0.000,11596.12
alu32,datapath,alu32,delay_map_resyn@adder=kogge-stone,0,2420,11835.10,0.244,0.000,6927.81,1.2,ok,,,,
alu32,datapath,alu32,delay_choice_deep_v3@adder=sklansky,0,2095,11030.58,-1.788,-14.325,8692.93,0.8,ok,,,,
alu32,datapath,alu32,delay_choice_deep_v3@booth,0,2051,11124.42,-1.753,-8.024,8391.89,0.7,ok,,,,
alu32,datapath,alu32,delay_syn2@adder=sklansky,0,2045,11539.82,-1.033,-6.240,7733.43,0.8,ok,,,,
alu32,datapath,alu32,delay_map@booth,0,2454,11901.41,0.723,0.000,6432.42,0.8,ok,,,,
alu32,datapath,alu32,delay_syn2@booth,0,2038,11644.92,-1.227,-2.173,7585.55,0.8,ok,,,,
alu32,datapath,alu32,orfs_area@booth,0,2139,12732.21,-0.485,-0.589,6812.25,0.9,ok,,,,
alu32,datapath,alu32,delay_syn2@booth+adder=kogge-stone,0,2249,12585.82,0.706,0.000,6006.23,0.8,ok,,,,
alu32,datapath,alu32,delay_map@booth+adder=kogge-stone,0,2665,12951.17,1.181,0.000,5960.46,0.9,ok,,,,
alu32,datapath,alu32,delay_map_resyn@booth,0,2258,11074.37,-1.268,-6.169,8202.29,0.9,ok,,,,
alu32,datapath,alu32,delay_choice_deep_v3@booth+adder=kogge-stone,0,2150,11547.32,-0.563,-1.355,7370.09,0.8,ok,,,,
alu32,datapath,alu32,orfs_area@booth+adder=kogge-stone,0,2197,13160.12,-0.233,-0.233,6468.48,1.0,ok,,,,
alu32,datapath,alu32,delay_map_resyn@booth+adder=kogge-stone,0,2420,11835.10,0.244,0.000,6927.81,1.0,ok,,,,
mul16_pipe,datapath,mul16_pipe,delay_choice_deep_v3,0,1849,12760.99,-0.667,-2.191,8071.68,0.5,ok,,,,
mul16_pipe,datapath,mul16_pipe,delay_syn2,0,2132,13160.12,-1.688,-5.185,9102.21,0.6,ok,,,,
mul16_pipe,datapath,mul16_pipe,delay_choice_deep_v3@adder=han-carlson,0,1872,12872.35,-0.509,-1.166,8010.54,0.7,ok,,,,
mul16_pipe,datapath,mul16_pipe,delay_map,0,4202,20882.53,0.657,0.000,7225.72,0.7,ok,,,,
mul16_pipe,datapath,mul16_pipe,orfs_area,0,2122,13609.30,-0.473,-0.694,8022.13,0.8,ok,,,,
mul16_pipe,datapath,mul16_pipe,delay_syn2@adder=han-carlson,0,2164,14486.39,-0.007,-0.007,7466.02,0.8,ok,,,,
mul16_pipe,datapath,mul16_pipe,orfs_area@adder=sklansky,0,2185,14383.80,-0.239,-0.548,7605.82,0.8,ok,,,,
mul16_pipe,datapath,mul16_pipe,delay_map_resyn,0,3000,15598.71,0.574,0.000,7350.71,0.8,ok,,,,
mul16_pipe,datapath,mul16_pipe,orfs_area@adder=kogge-stone,0,2259,14760.41,0.031,0.000,7409.05,0.8,ok,,,,
mul16_pipe,datapath,mul16_pipe,orfs_area@adder=han-carlson,0,2193,14351.26,0.111,0.000,7472.26,0.8,ok,,,,
mul16_pipe,datapath,mul16_pipe,delay_syn2@adder=kogge-stone,0,2288,14916.81,0.311,0.000,7324.98,0.8,ok,,,,
mul16_pipe,datapath,mul16_pipe,delay_map@adder=sklansky,0,4355,21817.17,0.903,0.000,7041.50,0.9,ok,,,,
mul16_pipe,datapath,mul16_pipe,delay_map_resyn@adder=han-carlson,0,3456,18022.28,0.888,0.000,6987.45,1.0,ok,,,,
mul16_pipe,datapath,mul16_pipe,delay_map_resyn@adder=sklansky,0,3185,16161.75,0.740,0.000,7130.20,0.9,ok,,,,
mul16_pipe,datapath,mul16_pipe,delay_map@adder=han-carlson,0,4256,21360.49,0.790,0.000,7025.40,1.0,ok,,,,
mul16_pipe,datapath,mul16_pipe,delay_map_resyn@adder=kogge-stone,0,3709,18019.78,1.058,0.000,6706.97,1.0,ok,,,,
mul16_pipe,datapath,mul16_pipe,delay_choice_deep_v3@adder=kogge-stone,0,1919,13127.59,-0.262,-0.387,7825.76,1.1,ok,,,,
mul16_pipe,datapath,mul16_pipe,delay_choice_deep_v3@booth,0,1165,9207.58,-0.150,-0.374,7764.32,0.3,ok,,,,
mul16_pipe,datapath,mul16_pipe,delay_choice_deep_v3@adder=sklansky,0,1884,12963.68,-0.357,-0.643,7901.95,0.7,ok,,,,
mul16_pipe,datapath,mul16_pipe,delay_map@booth,0,2437,13839.52,0.817,0.000,7099.19,0.5,ok,,,,
mul16_pipe,datapath,mul16_pipe,delay_syn2@adder=sklansky,0,2152,13744.43,-0.627,-1.995,8043.17,0.7,ok,,,,
mul16_pipe,datapath,mul16_pipe,delay_map_resyn@booth,1,2104,11994.00,0.952,0.000,6835.10,0.6,ok,,0.920,0.000,11994.00
mul16_pipe,datapath,mul16_pipe,delay_syn2@booth,0,1958,12459.45,0.003,0.000,7490.38,0.6,ok,,,,
mul16_pipe,datapath,mul16_pipe,delay_map@adder=kogge-stone,0,4394,22258.85,1.071,0.000,6874.53,1.4,ok,,,,
mul16_pipe,datapath,mul16_pipe,orfs_area@booth,0,2368,14390.05,0.419,0.000,7181.96,0.6,ok,,,,
mul16_pipe,datapath,mul16_pipe,delay_syn2@booth+adder=kogge-stone,0,2046,13217.68,0.617,0.000,6885.29,0.6,ok,,,,
mul16_pipe,datapath,mul16_pipe,delay_map_resyn@booth+adder=kogge-stone,0,2298,12901.12,1.343,0.000,6485.98,0.7,ok,,,,
mul16_pipe,datapath,mul16_pipe,orfs_area@booth+adder=kogge-stone,0,2420,15312.19,0.409,0.000,7004.20,0.7,ok,,,,
mul16_pipe,datapath,mul16_pipe,delay_choice_deep_v3@booth+adder=kogge-stone,0,1235,9536.65,-0.082,-0.082,7542.15,0.8,ok,,,,
mul16_pipe,datapath,mul16_pipe,delay_map@booth+adder=kogge-stone,0,2701,15089.47,1.116,0.000,6728.49,0.9,ok,,,,
mul32_mac,datapath,mul32_mac,delay_choice_deep_v3,0,6430,39709.33,-2.717,-2.717,10313.23,1.4,ok,,,,
mul32_mac,datapath,mul32_mac,delay_choice_deep_v3@adder=han-carlson,0,6499,40536.38,-2.084,-2.084,9691.06,1.8,ok,,,,
mul32_mac,datapath,mul32_mac,delay_syn2,0,7467,42518.28,-2.953,-2.953,10506.31,1.9,ok,,,,
mul32_mac,datapath,mul32_mac,orfs_area@adder=sklansky,0,7367,42791.04,-3.709,-3.709,10855.28,2.3,ok,,,,
mul32_mac,datapath,mul32_mac,orfs_area@adder=kogge-stone,0,7628,45200.85,-1.857,-1.857,9370.50,2.3,ok,,,,
mul32_mac,datapath,mul32_mac,delay_choice_deep_v3@adder=kogge-stone,0,6700,42231.75,-1.821,-1.821,9423.95,2.3,ok,,,,
mul32_mac,datapath,mul32_mac,orfs_area,0,7448,44025.97,-2.638,-2.638,9988.78,2.4,ok,,,,
mul32_mac,datapath,mul32_mac,delay_map,0,13936,66954.21,-1.153,-1.153,8954.23,2.4,ok,,,,
mul32_mac,datapath,mul32_mac,orfs_area@adder=han-carlson,0,7504,44338.77,-2.940,-2.940,10467.38,2.4,ok,,,,
mul32_mac,datapath,mul32_mac,delay_syn2@adder=han-carlson,0,8015,47291.61,-2.231,-2.231,9889.71,2.4,ok,,,,
mul32_mac,datapath,mul32_mac,delay_syn2@adder=kogge-stone,0,8145,47833.38,-1.799,-1.799,9527.86,2.5,ok,,,,
mul32_mac,datapath,mul32_mac,delay_map@adder=sklansky,0,14229,67143.15,-0.835,-0.835,8740.01,2.6,ok,,,,
mul32_mac,datapath,mul32_mac,delay_map_resyn,0,12417,56920.84,-0.963,-0.963,8804.26,2.7,ok,,,,
mul32_mac,datapath,mul32_mac,delay_map@adder=han-carlson,0,14371,68349.30,-0.964,-0.964,8803.10,2.7,ok,,,,
mul32_mac,datapath,mul32_mac,delay_map@adder=kogge-stone,0,14914,70266.14,-0.778,-0.778,8658.50,2.9,ok,,,,
mul32_mac,datapath,mul32_mac,delay_choice_deep_v3@adder=sklansky,0,6455,40178.53,-2.087,-2.087,9754.03,1.5,ok,,,,
mul32_mac,datapath,mul32_mac,delay_map_resyn@adder=sklansky,0,12522,57601.49,-0.979,-0.979,8829.13,3.0,ok,,,,
mul32_mac,datapath,mul32_mac,delay_map_resyn@adder=han-carlson,0,12214,57572.72,-0.863,-0.863,8605.08,3.2,ok,,,,
mul32_mac,datapath,mul32_mac,delay_map_resyn@adder=kogge-stone,1,12703,60888.40,-0.566,-0.566,8352.52,3.3,ok,,-0.560,-0.560,60938.44
mul32_mac,datapath,mul32_mac,delay_choice_deep_v3@booth,0,4890,33195.59,-4.991,-24.181,12348.13,1.4,ok,,,,
mul32_mac,datapath,mul32_mac,delay_syn2@adder=sklansky,0,7439,43098.84,-3.091,-3.091,10394.29,1.9,ok,,,,
mul32_mac,datapath,mul32_mac,delay_map_resyn@booth,0,8584,44047.24,-3.510,-3.510,11112.82,2.4,ok,,,,
mul32_mac,datapath,mul32_mac,delay_map@booth,0,11163,56123.83,-3.679,-3.706,11427.23,2.0,ok,,,,
mul32_mac,datapath,mul32_mac,delay_syn2@booth,0,8331,46623.47,-5.916,-39.729,13081.79,2.1,ok,,,,
mul32_mac,datapath,mul32_mac,orfs_area@booth,0,10197,56494.18,-5.365,-36.756,12734.71,2.5,ok,,,,
mul32_mac,datapath,mul32_mac,delay_choice_deep_v3@booth+adder=kogge-stone,0,5306,35936.97,-4.221,-11.520,11692.56,2.8,ok,,,,
mul32_mac,datapath,mul32_mac,orfs_area@booth+adder=kogge-stone,0,10957,62319.77,-3.977,-10.681,11576.25,3.1,ok,,,,
mul32_mac,datapath,mul32_mac,delay_map_resyn@booth+adder=kogge-stone,0,10146,50686.11,-2.436,-2.436,10165.50,3.3,ok,,,,
mul32_mac,datapath,mul32_mac,delay_map@booth+adder=kogge-stone,0,12873,65436.51,-2.551,-2.551,10385.76,3.9,ok,,,,
mul32_mac,datapath,mul32_mac,delay_syn2@booth+adder=kogge-stone,0,8930,51254.16,-3.961,-4.771,11327.47,4.0,ok,,,,
fir8,dsp,fir8,delay_choice_deep_v3,0,1734,13527.97,0.180,0.000,10268.75,0.5,ok,,,,
fir8,dsp,fir8,delay_choice_deep_v3@adder=han-carlson,0,1774,13734.42,0.374,0.000,10375.12,0.5,ok,,,,
fir8,dsp,fir8,delay_choice_deep_v3@adder=kogge-stone,0,1811,13718.16,0.300,0.000,10116.94,0.6,ok,,,,
fir8,dsp,fir8,delay_syn2,0,2285,15920.27,0.896,0.000,9373.95,0.6,ok,,,,
fir8,dsp,fir8,delay_map,0,3753,19671.37,1.582,0.000,9241.97,0.6,ok,,,,
fir8,dsp,fir8,delay_syn2@adder=han-carlson,0,2298,16001.60,1.143,0.000,9219.98,0.7,ok,,,,
fir8,dsp,fir8,delay_map@adder=sklansky,0,3835,19821.51,1.474,0.000,9507.33,0.7,ok,,,,
fir8,dsp,fir8,delay_map_resyn,0,2913,16158.00,1.657,0.000,9112.90,0.7,ok,,,,
fir8,dsp,fir8,delay_map@adder=han-carlson,0,3910,20565.97,1.886,0.000,9006.05,0.7,ok,,,,
fir8,dsp,fir8,orfs_area,0,2466,17301.59,0.752,0.000,9667.86,0.8,ok,,,,
fir8,dsp,fir8,delay_syn2@adder=kogge-stone,0,2454,17314.11,1.213,0.000,9180.72,0.8,ok,,,,
fir8,dsp,fir8,delay_map@adder=kogge-stone,0,4172,21733.34,2.019,0.000,8928.34,0.8,ok,,,,
fir8,dsp,fir8,delay_map_resyn@adder=han-carlson,0,3104,16622.19,1.939,0.000,8901.67,0.8,ok,,,,
fir8,dsp,fir8,orfs_area@adder=sklansky,0,2434,17166.46,0.804,0.000,9484.54,0.8,ok,,,,
fir8,dsp,fir8,delay_map_resyn@adder=sklansky,0,3032,16364.44,1.723,0.000,8944.68,0.8,ok,,,,
fir8,dsp,fir8,delay_map_resyn@adder=kogge-stone,0,3403,17973.49,2.185,0.000,8620.41,0.9,ok,,,,
fir8,dsp,fir8,orfs_area@adder=han-carlson,0,2477,17259.05,0.593,0.000,9802.96,0.9,ok,,,,
fir8,dsp,fir8,orfs_area@adder=kogge-stone,0,2672,18407.65,0.781,0.000,9512.15,1.0,ok,,,,
fir8,dsp,fir8,delay_choice_deep_v3@adder=sklansky,1,1730,13331.54,0.237,0.000,10301.75,0.5,ok,,0.210,0.000,13331.54
fir8,dsp,fir8,delay_syn2@adder=sklansky,0,2315,16100.44,1.216,0.000,9219.15,0.7,ok,,,,
fir8,dsp,fir8,delay_choice_deep_v3@booth,0,1882,14412.57,-0.018,-0.038,10439.42,0.5,ok,,,,
fir8,dsp,fir8,delay_syn2@booth,0,2263,15611.22,0.918,0.000,9706.45,0.6,ok,,,,
fir8,dsp,fir8,delay_choice_deep_v3@booth+adder=kogge-stone,0,2015,15041.93,0.574,0.000,10143.72,0.6,ok,,,,
fir8,dsp,fir8,delay_map@booth,0,3879,20130.56,1.623,0.000,9194.58,0.8,ok,,,,
fir8,dsp,fir8,delay_map_resyn@booth,0,3205,17361.65,1.726,0.000,9092.18,0.9,ok,,,,
fir8,dsp,fir8,orfs_area@booth,0,2443,16844.91,-0.097,-0.097,10147.47,0.9,ok,,,,
fir8,dsp,fir8,delay_syn2@booth+adder=kogge-stone,0,2363,16691.01,1.318,0.000,9384.84,0.7,ok,,,,
fir8,dsp,fir8,delay_map@booth+adder=kogge-stone,0,4107,21645.76,1.844,0.000,9064.42,0.8,ok,,,,
fir8,dsp,fir8,delay_map_resyn@booth+adder=kogge-stone,0,3519,18047.31,1.708,0.000,9158.51,0.9,ok,,,,
fir8,dsp,fir8,orfs_area@booth+adder=kogge-stone,0,2536,17730.76,0.859,0.000,9465.35,0.9,ok,,,,
aes_round,crypto,aes_round,orfs_area,0,11830,67468.46,1.808,0.000,4421.78,2.6,ok,,,,
aes_round,crypto,aes_round,orfs_area@adder=sklansky,0,11830,67468.46,1.808,0.000,4421.78,2.7,ok,,,,
aes_round,crypto,aes_round,orfs_area@adder=kogge-stone,0,11830,67468.46,1.808,0.000,4421.78,2.7,ok,,,,
aes_round,crypto,aes_round,orfs_area@adder=han-carlson,0,11830,67468.46,1.808,0.000,4421.78,2.7,ok,,,,
aes_round,crypto,aes_round,delay_choice_deep_v3@adder=han-carlson,1,9563,57296.20,1.397,0.000,4991.75,2.9,ok,,1.360,0.000,57296.20
aes_round,crypto,aes_round,delay_choice_deep_v3,0,9563,57296.20,1.397,0.000,4991.75,2.9,ok,,,,
aes_round,crypto,aes_round,delay_choice_deep_v3@adder=kogge-stone,0,9563,57296.20,1.397,0.000,4991.75,2.9,ok,,,,
aes_round,crypto,aes_round,delay_syn2@adder=kogge-stone,0,11136,61712.94,1.639,0.000,4677.07,3.0,ok,,,,
aes_round,crypto,aes_round,delay_syn2,0,11136,61712.94,1.639,0.000,4677.07,3.0,ok,,,,
aes_round,crypto,aes_round,delay_syn2@adder=han-carlson,0,11136,61712.94,1.639,0.000,4677.07,3.1,ok,,,,
aes_round,crypto,aes_round,delay_map,0,14620,70951.80,1.704,0.000,4818.63,3.4,ok,,,,
aes_round,crypto,aes_round,delay_map@adder=han-carlson,0,14620,70951.80,1.704,0.000,4818.63,3.4,ok,,,,
aes_round,crypto,aes_round,delay_map@adder=kogge-stone,0,14620,70951.80,1.704,0.000,4818.63,3.5,ok,,,,
aes_round,crypto,aes_round,delay_map@adder=sklansky,0,14620,70951.80,1.704,0.000,4818.63,3.5,ok,,,,
aes_round,crypto,aes_round,delay_map_resyn@adder=kogge-stone,0,14203,69183.85,1.777,0.000,4737.78,3.8,ok,,,,
aes_round,crypto,aes_round,delay_map_resyn,0,14203,69183.85,1.777,0.000,4737.78,3.9,ok,,,,
aes_round,crypto,aes_round,delay_map_resyn@adder=sklansky,0,14203,69183.85,1.777,0.000,4737.78,3.9,ok,,,,
aes_round,crypto,aes_round,delay_map_resyn@adder=han-carlson,0,14203,69183.85,1.777,0.000,4737.78,3.9,ok,,,,
aes_round,crypto,aes_round,orfs_area@booth,0,11830,67468.46,1.808,0.000,4421.78,2.6,ok,,,,
aes_round,crypto,aes_round,delay_choice_deep_v3@adder=sklansky,0,9563,57296.20,1.397,0.000,4991.75,2.8,ok,,,,
aes_round,crypto,aes_round,delay_syn2@adder=sklansky,0,11136,61712.94,1.639,0.000,4677.07,2.9,ok,,,,
aes_round,crypto,aes_round,delay_choice_deep_v3@booth,0,9563,57296.20,1.397,0.000,4991.75,2.7,ok,,,,
aes_round,crypto,aes_round,orfs_area@booth+adder=kogge-stone,0,11830,67468.46,1.808,0.000,4421.78,2.6,ok,,,,
aes_round,crypto,aes_round,delay_syn2@booth,0,11136,61712.94,1.639,0.000,4677.07,2.9,ok,,,,
aes_round,crypto,aes_round,delay_map@booth,0,14620,70951.80,1.704,0.000,4818.63,3.2,ok,,,,
aes_round,crypto,aes_round,delay_choice_deep_v3@booth+adder=kogge-stone,0,9563,57296.20,1.397,0.000,4991.75,2.6,ok,,,,
aes_round,crypto,aes_round,delay_syn2@booth+adder=kogge-stone,0,11136,61712.94,1.639,0.000,4677.07,2.7,ok,,,,
aes_round,crypto,aes_round,delay_map@booth+adder=kogge-stone,0,14620,70951.80,1.704,0.000,4818.63,3.2,ok,,,,
aes_round,crypto,aes_round,delay_map_resyn@booth,0,14203,69183.85,1.777,0.000,4737.78,3.6,ok,,,,
aes_round,crypto,aes_round,delay_map_resyn@booth+adder=kogge-stone,0,14203,69183.85,1.777,0.000,4737.78,3.5,ok,,,,
sha256_core,crypto,sha256_core,delay_choice_deep_v3,0,8930,68291.75,-0.484,-1.484,11768.57,1.7,ok,,,,
sha256_core,crypto,sha256_core,delay_syn2,0,9121,68393.09,-1.482,-6.428,12575.78,1.7,ok,,,,
sha256_core,crypto,sha256_core,delay_choice_deep_v3@adder=han-carlson,0,9033,69103.78,-0.182,-0.359,11582.30,1.8,ok,,,,
sha256_core,crypto,sha256_core,delay_map,0,11714,75924.07,1.399,0.000,10370.97,1.9,ok,,,,
sha256_core,crypto,sha256_core,delay_syn2@adder=han-carlson,0,9432,70771.63,0.100,0.000,11051.17,1.9,ok,,,,
sha256_core,crypto,sha256_core,orfs_area,0,9579,74512.71,-0.634,-2.455,11972.23,2.0,ok,,,,
sha256_core,crypto,sha256_core,delay_choice_deep_v3@adder=kogge-stone,0,9516,72031.58,0.176,0.000,11137.19,2.1,ok,,,,
sha256_core,crypto,sha256_core,orfs_area@adder=sklansky,0,9768,75985.38,-0.187,-0.490,11422.68,2.1,ok,,,,
sha256_core,crypto,sha256_core,delay_syn2@adder=kogge-stone,0,9906,72995.01,0.455,0.000,10798.45,2.2,ok,,,,
sha256_core,crypto,sha256_core,delay_map@adder=han-carlson,0,12746,80843.79,1.676,0.000,10146.30,2.2,ok,,,,
sha256_core,crypto,sha256_core,delay_map@adder=sklansky,0,12863,81469.39,1.858,0.000,9919.40,2.2,ok,,,,
sha256_core,crypto,sha256_core,orfs_area@adder=han-carlson,0,9884,76912.52,-0.362,-0.756,11645.01,2.3,ok,,,,
sha256_core,crypto,sha256_core,orfs_area@adder=kogge-stone,0,10151,77595.67,0.378,0.000,10995.33,2.5,ok,,,,
sha256_core,crypto,sha256_core,delay_map_resyn,0,10601,71335.92,0.368,0.000,11224.52,2.6,ok,,,,
sha256_core,crypto,sha256_core,delay_map_resyn@adder=sklansky,0,11286,73628.12,1.318,0.000,10501.29,2.7,ok,,,,
sha256_core,crypto,sha256_core,delay_map@adder=kogge-stone,0,14117,87796.70,2.047,0.000,9765.94,2.8,ok,,,,
sha256_core,crypto,sha256_core,delay_map_resyn@adder=han-carlson,0,11311,73317.82,1.298,0.000,10440.27,2.8,ok,,,,
sha256_core,crypto,sha256_core,delay_map_resyn@adder=kogge-stone,0,12171,78435.23,2.218,0.000,9598.88,3.0,ok,,,,
sha256_core,crypto,sha256_core,delay_syn2@adder=sklansky,0,9318,70054.69,-0.620,-2.342,11852.40,1.8,ok,,,,
sha256_core,crypto,sha256_core,delay_choice_deep_v3@adder=sklansky,1,9162,70109.74,0.025,0.000,11340.86,1.8,ok,,-0.000,-0.000,70109.74
sha256_core,crypto,sha256_core,delay_choice_deep_v3@booth,0,8930,68291.75,-0.484,-1.484,11768.57,1.6,ok,,,,
sha256_core,crypto,sha256_core,delay_syn2@booth,0,9121,68393.09,-1.482,-6.428,12575.78,1.6,ok,,,,
sha256_core,crypto,sha256_core,delay_map@booth,0,11714,75924.07,1.399,0.000,10370.97,1.9,ok,,,,
sha256_core,crypto,sha256_core,orfs_area@booth,0,9579,74512.71,-0.634,-2.455,11972.23,1.9,ok,,,,
sha256_core,crypto,sha256_core,delay_choice_deep_v3@booth+adder=kogge-stone,0,9516,72031.58,0.176,0.000,11137.19,2.0,ok,,,,
sha256_core,crypto,sha256_core,delay_map_resyn@booth,0,10601,71335.92,0.368,0.000,11224.52,2.4,ok,,,,
sha256_core,crypto,sha256_core,delay_syn2@booth+adder=kogge-stone,0,9906,72995.01,0.455,0.000,10798.45,1.9,ok,,,,
sha256_core,crypto,sha256_core,orfs_area@booth+adder=kogge-stone,0,10151,77595.67,0.378,0.000,10995.33,2.3,ok,,,,
sha256_core,crypto,sha256_core,delay_map@booth+adder=kogge-stone,0,14117,87796.70,2.047,0.000,9765.94,2.4,ok,,,,
sha256_core,crypto,sha256_core,delay_map_resyn@booth+adder=kogge-stone,0,12171,78435.23,2.218,0.000,9598.88,2.7,ok,,,,
crc32_8,logic,crc32_8,orfs_area,0,230,2273.43,-0.228,-0.228,2941.15,0.1,ok,,,,
crc32_8,logic,crc32_8,delay_syn2,0,213,2128.29,-0.567,-2.124,3425.31,0.1,ok,,,,
crc32_8,logic,crc32_8,orfs_area@adder=kogge-stone,0,230,2273.43,-0.228,-0.228,2941.15,0.1,ok,,,,
crc32_8,logic,crc32_8,delay_syn2@adder=kogge-stone,0,213,2128.29,-0.567,-2.124,3425.31,0.1,ok,,,,
crc32_8,logic,crc32_8,orfs_area@adder=han-carlson,0,230,2273.43,-0.228,-0.228,2941.15,0.1,ok,,,,
crc32_8,logic,crc32_8,delay_syn2@adder=han-carlson,0,213,2128.29,-0.567,-2.124,3425.31,0.1,ok,,,,
crc32_8,logic,crc32_8,orfs_area@adder=sklansky,0,230,2273.43,-0.228,-0.228,2941.15,0.1,ok,,,,
crc32_8,logic,crc32_8,delay_map,1,279,2539.94,0.145,0.000,2619.57,0.2,ok,,0.180,0.000,2539.94
crc32_8,logic,crc32_8,delay_map_resyn,0,320,2778.92,0.258,0.000,2546.69,0.2,ok,,,,
crc32_8,logic,crc32_8,delay_choice_deep_v3,0,198,2253.41,-0.146,-0.347,2961.02,0.2,ok,,,,
crc32_8,logic,crc32_8,delay_map_resyn@adder=kogge-stone,0,320,2778.92,0.258,0.000,2546.69,0.2,ok,,,,
crc32_8,logic,crc32_8,delay_choice_deep_v3@adder=kogge-stone,0,198,2253.41,-0.146,-0.347,2961.02,0.2,ok,,,,
crc32_8,logic,crc32_8,delay_map@adder=kogge-stone,0,279,2539.94,0.145,0.000,2619.57,0.2,ok,,,,
crc32_8,logic,crc32_8,delay_map@adder=han-carlson,0,279,2539.94,0.145,0.000,2619.57,0.2,ok,,,,
crc32_8,logic,crc32_8,delay_map_resyn@adder=han-carlson,0,320,2778.92,0.258,0.000,2546.69,0.2,ok,,,,
crc32_8,logic,crc32_8,delay_choice_deep_v3@adder=han-carlson,0,198,2253.41,-0.146,-0.347,2961.02,0.2,ok,,,,
crc32_8,logic,crc32_8,delay_map_resyn@adder=sklansky,0,320,2778.92,0.258,0.000,2546.69,0.2,ok,,,,
crc32_8,logic,crc32_8,delay_map@adder=sklansky,0,279,2539.94,0.145,0.000,2619.57,0.2,ok,,,,
crc32_8,logic,crc32_8,orfs_area@booth,0,230,2273.43,-0.228,-0.228,2941.15,0.1,ok,,,,
crc32_8,logic,crc32_8,delay_syn2@booth,0,213,2128.29,-0.567,-2.124,3425.31,0.1,ok,,,,
crc32_8,logic,crc32_8,delay_choice_deep_v3@adder=sklansky,0,198,2253.41,-0.146,-0.347,2961.02,0.2,ok,,,,
crc32_8,logic,crc32_8,orfs_area@booth+adder=kogge-stone,0,230,2273.43,-0.228,-0.228,2941.15,0.1,ok,,,,
crc32_8,logic,crc32_8,delay_syn2@adder=sklansky,0,213,2128.29,-0.567,-2.124,3425.31,0.2,ok,,,,
crc32_8,logic,crc32_8,delay_map@booth,0,279,2539.94,0.145,0.000,2619.57,0.2,ok,,,,
crc32_8,logic,crc32_8,delay_syn2@booth+adder=kogge-stone,0,213,2128.29,-0.567,-2.124,3425.31,0.1,ok,,,,
crc32_8,logic,crc32_8,delay_map_resyn@booth,0,320,2778.92,0.258,0.000,2546.69,0.2,ok,,,,
crc32_8,logic,crc32_8,delay_choice_deep_v3@booth,0,198,2253.41,-0.146,-0.347,2961.02,0.2,ok,,,,
crc32_8,logic,crc32_8,delay_choice_deep_v3@booth+adder=kogge-stone,0,198,2253.41,-0.146,-0.347,2961.02,0.2,ok,,,,
crc32_8,logic,crc32_8,delay_map@booth+adder=kogge-stone,0,279,2539.94,0.145,0.000,2619.57,0.2,ok,,,,
crc32_8,logic,crc32_8,delay_map_resyn@booth+adder=kogge-stone,0,320,2778.92,0.258,0.000,2546.69,0.2,ok,,,,
rr_arbiter16,logic,rr_arbiter16,orfs_area,0,446,3133.00,-0.429,-2.427,4765.38,0.2,ok,,,,
rr_arbiter16,logic,rr_arbiter16,delay_choice_deep_v3@adder=kogge-stone,0,396,3016.64,-0.484,-2.471,4907.49,0.2,ok,,,,
rr_arbiter16,logic,rr_arbiter16,delay_syn2,0,399,3124.25,-0.730,-9.802,5197.22,0.2,ok,,,,
rr_arbiter16,logic,rr_arbiter16,orfs_area@adder=kogge-stone,0,466,3308.17,-0.841,-6.829,5121.17,0.2,ok,,,,
rr_arbiter16,logic,rr_arbiter16,delay_choice_deep_v3,0,393,3065.44,-0.430,-4.196,4809.73,0.2,ok,,,,
rr_arbiter16,logic,rr_arbiter16,delay_map,1,582,3867.46,0.026,0.000,4312.18,0.3,ok,,0.010,0.000,3867.46
rr_arbiter16,logic,rr_arbiter16,delay_map@adder=kogge-stone,0,565,3933.77,0.033,0.000,4298.20,0.2,ok,,,,
rr_arbiter16,logic,rr_arbiter16,delay_syn2@adder=kogge-stone,0,402,3099.22,-1.059,-11.362,5303.47,0.2,ok,,,,
rr_arbiter16,logic,rr_arbiter16,delay_map_resyn@adder=han-carlson,0,563,3809.90,-0.023,-0.023,4369.79,0.2,ok,,,,
rr_arbiter16,logic,rr_arbiter16,delay_map@adder=han-carlson,0,582,3867.46,0.026,0.000,4312.18,0.2,ok,,,,
rr_arbiter16,logic,rr_arbiter16,delay_choice_deep_v3@adder=han-carlson,0,393,3065.44,-0.430,-4.196,4809.73,0.2,ok,,,,
rr_arbiter16,logic,rr_arbiter16,delay_syn2@adder=han-carlson,0,399,3124.25,-0.730,-9.802,5197.22,0.2,ok,,,,
rr_arbiter16,logic,rr_arbiter16,delay_map_resyn@adder=sklansky,0,563,3809.90,-0.023,-0.023,4369.79,0.2,ok,,,,
rr_arbiter16,logic,rr_arbiter16,orfs_area@adder=han-carlson,0,446,3133.00,-0.429,-2.427,4765.38,0.3,ok,,,,
rr_arbiter16,logic,rr_arbiter16,delay_map@adder=sklansky,0,582,3867.46,0.026,0.000,4312.18,0.2,ok,,,,
rr_arbiter16,logic,rr_arbiter16,orfs_area@adder=sklansky,0,446,3133.00,-0.429,-2.427,4765.38,0.2,ok,,,,
rr_arbiter16,logic,rr_arbiter16,delay_map_resyn,0,563,3809.90,-0.023,-0.023,4369.79,0.3,ok,,,,
rr_arbiter16,logic,rr_arbiter16,delay_map_resyn@adder=kogge-stone,0,563,3809.90,-0.023,-0.023,4369.79,0.3,ok,,,,
rr_arbiter16,logic,rr_arbiter16,delay_choice_deep_v3@adder=sklansky,0,393,3065.44,-0.430,-4.196,4809.73,0.2,ok,,,,
rr_arbiter16,logic,rr_arbiter16,delay_map_resyn@booth,0,563,3809.90,-0.023,-0.023,4369.79,0.2,ok,,,,
rr_arbiter16,logic,rr_arbiter16,delay_choice_deep_v3@booth,0,393,3065.44,-0.430,-4.196,4809.73,0.2,ok,,,,
rr_arbiter16,logic,rr_arbiter16,delay_syn2@adder=sklansky,0,399,3124.25,-0.730,-9.802,5197.22,0.2,ok,,,,
rr_arbiter16,logic,rr_arbiter16,orfs_area@booth,0,446,3133.00,-0.429,-2.427,4765.38,0.2,ok,,,,
rr_arbiter16,logic,rr_arbiter16,delay_map@booth,0,582,3867.46,0.026,0.000,4312.18,0.2,ok,,,,
rr_arbiter16,logic,rr_arbiter16,delay_syn2@booth,0,399,3124.25,-0.730,-9.802,5197.22,0.2,ok,,,,
rr_arbiter16,logic,rr_arbiter16,delay_map_resyn@booth+adder=kogge-stone,0,563,3809.90,-0.023,-0.023,4369.79,0.2,ok,,,,
rr_arbiter16,logic,rr_arbiter16,delay_map@booth+adder=kogge-stone,0,565,3933.77,0.033,0.000,4298.20,0.2,ok,,,,
rr_arbiter16,logic,rr_arbiter16,orfs_area@booth+adder=kogge-stone,0,466,3308.17,-0.841,-6.829,5121.17,0.2,ok,,,,
rr_arbiter16,logic,rr_arbiter16,delay_syn2@booth+adder=kogge-stone,0,402,3099.22,-1.059,-11.362,5303.47,0.2,ok,,,,
rr_arbiter16,logic,rr_arbiter16,delay_choice_deep_v3@booth+adder=kogge-stone,0,396,3016.64,-0.484,-2.471,4907.49,0.2,ok,,,,
uart,control,uart,delay_map,0,467,4145.23,0.467,0.000,2174.02,0.2,ok,,,,
uart,control,uart,delay_map@adder=kogge-stone,0,485,4177.76,0.397,0.000,2137.65,0.2,ok,,,,
uart,control,uart,orfs_area@adder=kogge-stone,0,422,3952.54,0.092,0.000,2508.37,0.2,ok,,,,
uart,control,uart,orfs_area@adder=han-carlson,0,421,3928.77,0.092,0.000,2508.38,0.2,ok,,,,
uart,control,uart,delay_map@adder=han-carlson,0,478,4267.84,0.466,0.000,2102.58,0.2,ok,,,,
uart,control,uart,delay_map@adder=sklansky,0,484,4315.39,0.497,0.000,2092.04,0.2,ok,,,,
uart,control,uart,delay_choice_deep_v3,0,394,3817.41,0.035,0.000,2539.59,0.2,ok,,,,
uart,control,uart,delay_map_resyn,0,445,3958.80,0.124,0.000,2529.58,0.2,ok,,,,
uart,control,uart,orfs_area@adder=sklansky,0,420,3811.16,-0.103,-0.103,2598.47,0.2,ok,,,,
uart,control,uart,delay_syn2,0,392,3479.59,-0.296,-1.748,3262.30,0.2,ok,,,,
uart,control,uart,orfs_area,0,418,3920.01,0.097,0.000,2508.37,0.2,ok,,,,
uart,control,uart,delay_map_resyn@adder=kogge-stone,0,441,4000.09,0.122,0.000,2453.71,0.2,ok,,,,
uart,control,uart,delay_syn2@adder=kogge-stone,1,400,3718.57,0.020,0.000,2729.30,0.2,ok,,0.010,0.000,3718.57
uart,control,uart,delay_map_resyn@adder=han-carlson,0,442,4000.09,0.111,0.000,2432.62,0.2,ok,,,,
uart,control,uart,delay_choice_deep_v3@adder=kogge-stone,0,418,4110.19,0.205,0.000,2327.05,0.2,ok,,,,
uart,control,uart,delay_map_resyn@adder=sklansky,0,449,4028.86,0.145,0.000,2405.43,0.2,ok,,,,
uart,control,uart,delay_choice_deep_v3@adder=han-carlson,0,398,3888.73,0.229,0.000,2390.58,0.2,ok,,,,
uart,control,uart,delay_syn2@adder=han-carlson,0,388,3465.82,-0.300,-2.335,3264.38,0.2,ok,,,,
uart,control,uart,delay_map@booth,0,467,4145.23,0.467,0.000,2174.02,0.2,ok,,,,
uart,control,uart,orfs_area@booth,0,418,3920.01,0.097,0.000,2508.37,0.2,ok,,,,
uart,control,uart,delay_choice_deep_v3@adder=sklansky,0,408,3950.04,0.282,0.000,2241.97,0.2,ok,,,,
uart,control,uart,delay_map@booth+adder=kogge-stone,0,485,4177.76,0.397,0.000,2137.65,0.2,ok,,,,
uart,control,uart,orfs_area@booth+adder=kogge-stone,0,422,3952.54,0.092,0.000,2508.37,0.2,ok,,,,
uart,control,uart,delay_choice_deep_v3@booth+adder=kogge-stone,0,418,4110.19,0.205,0.000,2327.05,0.2,ok,,,,
uart,control,uart,delay_syn2@booth+adder=kogge-stone,0,400,3718.57,0.020,0.000,2729.30,0.2,ok,,,,
uart,control,uart,delay_syn2@adder=sklansky,0,383,3434.54,-0.660,-6.660,3564.39,0.2,ok,,,,
uart,control,uart,delay_map_resyn@booth,0,445,3958.80,0.124,0.000,2529.58,0.2,ok,,,,
uart,control,uart,delay_choice_deep_v3@booth,0,394,3817.41,0.035,0.000,2539.59,0.2,ok,,,,
uart,control,uart,delay_syn2@booth,0,392,3479.59,-0.296,-1.748,3262.30,0.2,ok,,,,
uart,control,uart,delay_map_resyn@booth+adder=kogge-stone,0,441,4000.09,0.122,0.000,2453.71,0.2,ok,,,,
spi_master,control,spi_master,delay_map,0,551,5321.35,0.339,0.000,2281.87,0.2,ok,,,,
spi_master,control,spi_master,delay_map_resyn,0,555,5313.85,0.336,0.000,2275.08,0.2,ok,,,,
spi_master,control,spi_master,orfs_area,0,508,5163.70,-0.110,-0.220,2447.55,0.2,ok,,,,
spi_master,control,spi_master,delay_map_resyn@adder=han-carlson,0,555,5313.85,0.336,0.000,2275.08,0.2,ok,,,,
spi_master,control,spi_master,delay_syn2,1,495,4681.99,0.143,0.000,2567.09,0.2,ok,,0.120,0.000,4681.99
spi_master,control,spi_master,delay_map@adder=kogge-stone,0,550,5302.59,0.442,0.000,2297.69,0.2,ok,,,,
spi_master,control,spi_master,orfs_area@adder=kogge-stone,0,521,5260.04,-0.087,-0.578,2519.52,0.2,ok,,,,
spi_master,control,spi_master,delay_map_resyn@adder=kogge-stone,0,556,5241.28,0.297,0.000,2311.17,0.2,ok,,,,
spi_master,control,spi_master,delay_map@adder=han-carlson,0,559,5370.15,0.346,0.000,2296.69,0.2,ok,,,,
spi_master,control,spi_master,delay_syn2@adder=kogge-stone,0,502,4729.54,-0.022,-0.022,2577.91,0.2,ok,,,,
spi_master,control,spi_master,delay_syn2@adder=han-carlson,0,495,4681.99,0.143,0.000,2567.09,0.2,ok,,,,
spi_master,control,spi_master,delay_choice_deep_v3@adder=han-carlson,0,482,4904.70,-0.499,-13.729,3004.26,0.2,ok,,,,
spi_master,control,spi_master,orfs_area@adder=han-carlson,0,508,5163.70,-0.110,-0.220,2447.55,0.2,ok,,,,
spi_master,control,spi_master,delay_map_resyn@adder=sklansky,0,555,5313.85,0.336,0.000,2275.08,0.2,ok,,,,
spi_master,control,spi_master,delay_map@adder=sklansky,0,550,5283.82,0.339,0.000,2326.42,0.2,ok,,,,
spi_master,control,spi_master,orfs_area@adder=sklansky,0,508,5163.70,-0.110,-0.220,2447.55,0.2,ok,,,,
spi_master,control,spi_master,delay_choice_deep_v3,0,496,4973.52,-0.506,-14.026,3015.15,0.3,ok,,,,
spi_master,control,spi_master,delay_choice_deep_v3@adder=kogge-stone,0,500,4986.03,-0.222,-3.071,2708.99,0.3,ok,,,,
spi_master,control,spi_master,delay_map@booth,0,551,5321.35,0.339,0.000,2281.87,0.2,ok,,,,
spi_master,control,spi_master,delay_choice_deep_v3@adder=sklansky,0,478,4864.67,-0.493,-13.361,3039.76,0.2,ok,,,,
spi_master,control,spi_master,delay_map_resyn@booth,0,555,5313.85,0.336,0.000,2275.08,0.2,ok,,,,
spi_master,control,spi_master,delay_syn2@adder=sklansky,0,495,4681.99,0.143,0.000,2567.09,0.2,ok,,,,
spi_master,control,spi_master,orfs_area@booth,0,508,5163.70,-0.110,-0.220,2447.55,0.2,ok,,,,
spi_master,control,spi_master,delay_syn2@booth,0,495,4681.99,0.143,0.000,2567.09,0.2,ok,,,,
spi_master,control,spi_master,delay_map@booth+adder=kogge-stone,0,550,5302.59,0.442,0.000,2297.69,0.2,ok,,,,
spi_master,control,spi_master,orfs_area@booth+adder=kogge-stone,0,521,5260.04,-0.087,-0.578,2519.52,0.2,ok,,,,
spi_master,control,spi_master,delay_map_resyn@booth+adder=kogge-stone,0,556,5241.28,0.297,0.000,2311.17,0.2,ok,,,,
spi_master,control,spi_master,delay_syn2@booth+adder=kogge-stone,0,502,4729.54,-0.022,-0.022,2577.91,0.2,ok,,,,
spi_master,control,spi_master,delay_choice_deep_v3@booth,0,496,4973.52,-0.506,-14.026,3015.15,0.3,ok,,,,
spi_master,control,spi_master,delay_choice_deep_v3@booth+adder=kogge-stone,0,500,4986.03,-0.222,-3.071,2708.99,0.3,ok,,,,
apb_timer,peripheral,apb_timer,delay_map,1,1506,11353.39,0.129,0.000,3353.74,0.3,ok,,0.110,0.000,11353.39
apb_timer,peripheral,apb_timer,orfs_area,0,1417,12050.31,-0.836,-23.923,3391.99,0.3,ok,,,,
apb_timer,peripheral,apb_timer,delay_syn2,0,1333,11648.67,-0.973,-19.295,3820.10,0.4,ok,,,,
apb_timer,peripheral,apb_timer,delay_syn2@adder=kogge-stone,0,1326,11848.86,-0.979,-54.850,4583.28,0.3,ok,,,,
apb_timer,peripheral,apb_timer,delay_choice_deep_v3,0,1334,11347.13,-0.065,-3.265,3857.16,0.4,ok,,,,
apb_timer,peripheral,apb_timer,orfs_area@adder=kogge-stone,0,1489,12368.11,-0.716,-12.089,3403.78,0.4,ok,,,,
apb_timer,peripheral,apb_timer,delay_choice_deep_v3@adder=han-carlson,0,1291,11402.19,-0.181,-3.352,3885.00,0.4,ok,,,,
apb_timer,peripheral,apb_timer,delay_syn2@adder=han-carlson,0,1319,11591.12,-0.973,-17.564,3568.91,0.4,ok,,,,
apb_timer,peripheral,apb_timer,orfs_area@adder=sklansky,0,1431,12041.55,-0.961,-24.983,3550.04,0.4,ok,,,,
apb_timer,peripheral,apb_timer,delay_map_resyn,0,1499,11293.33,-0.275,-6.732,3883.68,0.4,ok,,,,
apb_timer,peripheral,apb_timer,delay_choice_deep_v3@adder=kogge-stone,0,1339,11747.52,-0.019,-0.530,3365.76,0.4,ok,,,,
apb_timer,peripheral,apb_timer,delay_map@adder=han-carlson,0,1496,11706.23,0.106,0.000,3100.69,0.4,ok,,,,
apb_timer,peripheral,apb_timer,orfs_area@adder=han-carlson,0,1474,12242.99,-0.739,-15.979,3403.52,0.4,ok,,,,
apb_timer,peripheral,apb_timer,delay_map@adder=sklansky,0,1498,11454.74,-0.208,-4.045,3203.43,0.4,ok,,,,
apb_timer,peripheral,apb_timer,delay_map_resyn@adder=kogge-stone,0,1622,11975.24,-0.583,-9.239,3099.94,0.5,ok,,,,
apb_timer,peripheral,apb_timer,delay_map_resyn@adder=han-carlson,0,1520,11544.82,-0.581,-8.531,3251.67,0.5,ok,,,,
apb_timer,peripheral,apb_timer,delay_map@adder=kogge-stone,0,1593,11805.07,-0.119,-2.515,2998.14,0.5,ok,,,,
apb_timer,peripheral,apb_timer,delay_map_resyn@adder=sklansky,0,1535,11405.94,-0.585,-11.435,3228.74,0.5,ok,,,,
apb_timer,peripheral,apb_timer,delay_syn2@adder=sklansky,0,1347,11543.57,-1.362,-61.193,5120.14,0.3,ok,,,,
apb_timer,peripheral,apb_timer,orfs_area@booth,0,1417,12050.31,-0.836,-23.923,3391.99,0.3,ok,,,,
apb_timer,peripheral,apb_timer,delay_map@booth,0,1506,11353.39,0.129,0.000,3353.74,0.3,ok,,,,
apb_timer,peripheral,apb_timer,delay_choice_deep_v3@booth,0,1334,11347.13,-0.065,-3.265,3857.16,0.3,ok,,,,
apb_timer,peripheral,apb_timer,delay_syn2@booth,0,1333,11648.67,-0.973,-19.295,3820.10,0.3,ok,,,,
apb_timer,peripheral,apb_timer,delay_choice_deep_v3@adder=sklansky,0,1326,11553.58,-0.065,-1.772,3744.07,0.4,ok,,,,
apb_timer,peripheral,apb_timer,orfs_area@booth+adder=kogge-stone,0,1489,12368.11,-0.716,-12.089,3403.78,0.3,ok,,,,
apb_timer,peripheral,apb_timer,delay_map_resyn@booth,0,1499,11293.33,-0.275,-6.732,3883.68,0.4,ok,,,,
apb_timer,peripheral,apb_timer,delay_choice_deep_v3@booth+adder=kogge-stone,0,1339,11747.52,-0.019,-0.530,3365.76,0.3,ok,,,,
apb_timer,peripheral,apb_timer,delay_syn2@booth+adder=kogge-stone,0,1326,11848.86,-0.979,-54.850,4583.28,0.3,ok,,,,
apb_timer,peripheral,apb_timer,delay_map@booth+adder=kogge-stone,0,1593,11805.07,-0.119,-2.515,2998.14,0.4,ok,,,,
apb_timer,peripheral,apb_timer,delay_map_resyn@booth+adder=kogge-stone,0,1622,11975.24,-0.583,-9.239,3099.94,0.5,ok,,,,
fifo_sync,memory,fifo_sync,delay_map@adder=sklansky,0,2920,26917.07,-0.621,-90.337,2984.67,0.4,ok,,,,
fifo_sync,memory,fifo_sync,delay_map,0,2901,28601.18,-0.203,-23.604,2713.16,0.5,ok,,,,
fifo_sync,memory,fifo_sync,delay_map@adder=kogge-stone,0,2909,27417.55,-0.345,-33.614,2829.61,0.5,ok,,,,
fifo_sync,memory,fifo_sync,delay_map_resyn,1,2965,26679.34,-0.081,-7.701,2766.31,0.5,ok,,0.030,0.000,27263.65
fifo_sync,memory,fifo_sync,orfs_area,0,2566,28484.82,-0.596,-226.987,2831.78,0.6,ok,,,,
fifo_sync,memory,fifo_sync,delay_syn2,0,2455,28548.63,-0.819,-324.578,2943.18,0.6,ok,,,,
fifo_sync,memory,fifo_sync,delay_map@adder=han-carlson,0,2923,28140.74,-0.266,-23.897,2751.09,0.6,ok,,,,
fifo_sync,memory,fifo_sync,orfs_area@adder=sklansky,0,2566,28583.66,-0.669,-233.877,2858.59,0.6,ok,,,,
fifo_sync,memory,fifo_sync,orfs_area@adder=kogge-stone,0,2567,28728.80,-0.619,-227.552,2814.38,0.6,ok,,,,
fifo_sync,memory,fifo_sync,delay_map_resyn@adder=kogge-stone,0,2968,27433.81,-0.258,-32.731,2772.55,0.6,ok,,,,
fifo_sync,memory,fifo_sync,orfs_area@adder=han-carlson,0,2566,28606.19,-0.596,-234.518,2831.60,0.6,ok,,,,
fifo_sync,memory,fifo_sync,delay_map_resyn@adder=sklansky,0,2968,27433.81,-0.258,-32.731,2772.55,0.6,ok,,,,
fifo_sync,memory,fifo_sync,delay_map_resyn@adder=han-carlson,0,2968,27438.82,-0.258,-30.809,2772.55,0.6,ok,,,,
fifo_sync,memory,fifo_sync,delay_choice_deep_v3,0,2405,27333.72,-1.068,-445.584,3243.98,0.7,ok,,,,
fifo_sync,memory,fifo_sync,delay_choice_deep_v3@adder=han-carlson,0,2405,26758.16,-1.058,-385.968,3179.56,0.7,ok,,,,
fifo_sync,memory,fifo_sync,delay_choice_deep_v3@adder=kogge-stone,0,2408,27163.55,-0.892,-371.973,3134.09,0.7,ok,,,,
fifo_sync,memory,fifo_sync,delay_syn2@adder=han-carlson,0,2455,29663.45,-0.703,-267.870,2914.10,0.9,ok,,,,
fifo_sync,memory,fifo_sync,delay_syn2@adder=kogge-stone,0,2461,27719.08,-1.223,-491.070,3367.86,1.0,ok,,,,
fifo_sync,memory,fifo_sync,delay_map@booth,0,2901,28601.18,-0.203,-23.604,2713.16,0.5,ok,,,,
fifo_sync,memory,fifo_sync,delay_syn2@adder=sklansky,0,2452,28787.61,-0.867,-305.892,2942.36,0.6,ok,,,,
fifo_sync,memory,fifo_sync,delay_map_resyn@booth,0,2965,26679.34,-0.081,-7.701,2766.31,0.6,ok,,,,
fifo_sync,memory,fifo_sync,delay_choice_deep_v3@adder=sklansky,0,2407,27244.88,-0.900,-363.362,3103.60,0.6,ok,,,,
fifo_sync,memory,fifo_sync,orfs_area@booth,0,2566,28484.82,-0.596,-226.987,2831.78,0.5,ok,,,,
fifo_sync,memory,fifo_sync,delay_map@booth+adder=kogge-stone,0,2909,27417.55,-0.345,-33.614,2829.61,0.5,ok,,,,
fifo_sync,memory,fifo_sync,delay_syn2@booth,0,2455,28548.63,-0.819,-324.578,2943.18,0.6,ok,,,,
fifo_sync,memory,fifo_sync,delay_map_resyn@booth+adder=kogge-stone,0,2968,27433.81,-0.258,-32.731,2772.55,0.6,ok,,,,
fifo_sync,memory,fifo_sync,delay_choice_deep_v3@booth,0,2405,27333.72,-1.068,-445.584,3243.98,0.6,ok,,,,
fifo_sync,memory,fifo_sync,orfs_area@booth+adder=kogge-stone,0,2567,28728.80,-0.619,-227.552,2814.38,0.6,ok,,,,
fifo_sync,memory,fifo_sync,delay_choice_deep_v3@booth+adder=kogge-stone,0,2408,27163.55,-0.892,-371.973,3134.09,0.6,ok,,,,
fifo_sync,memory,fifo_sync,delay_syn2@booth+adder=kogge-stone,0,2461,27719.08,-1.223,-491.070,3367.86,0.8,ok,,,,
zx16_core_ahb,cpu,zx16_core_ahb,delay_choice_deep_v3,0,2891,19890.33,-0.916,-50.595,7143.65,1.0,ok,,,,
zx16_core_ahb,cpu,zx16_core_ahb,delay_syn2,0,2943,20587.24,-0.579,-29.404,6711.47,1.0,ok,,,,
zx16_core_ahb,cpu,zx16_core_ahb,delay_choice_deep_v3@adder=kogge-stone,0,2994,20333.25,-1.016,-67.314,7127.18,1.0,ok,,,,
zx16_core_ahb,cpu,zx16_core_ahb,delay_map,0,3680,23085.89,0.768,0.000,5788.22,1.0,ok,,,,
zx16_core_ahb,cpu,zx16_core_ahb,delay_choice_deep_v3@adder=han-carlson,0,2945,20091.77,-0.982,-60.866,7151.63,1.0,ok,,,,
zx16_core_ahb,cpu,zx16_core_ahb,delay_syn2@adder=han-carlson,0,3054,21346.72,-0.323,-9.229,6514.60,1.0,ok,,,,
zx16_core_ahb,cpu,zx16_core_ahb,delay_syn2@adder=kogge-stone,0,3153,22248.84,-0.104,-0.934,6206.59,1.1,ok,,,,
zx16_core_ahb,cpu,zx16_core_ahb,delay_map@adder=han-carlson,0,3766,23014.57,0.757,0.000,5807.28,1.1,ok,,,,
zx16_core_ahb,cpu,zx16_core_ahb,delay_map@adder=kogge-stone,0,3850,23078.38,0.675,0.000,5905.38,1.1,ok,,,,
zx16_core_ahb,cpu,zx16_core_ahb,delay_map@adder=sklansky,0,3724,23034.59,0.728,0.000,5911.46,1.1,ok,,,,
zx16_core_ahb,cpu,zx16_core_ahb,orfs_area,0,3169,22372.71,-0.005,-0.011,6243.24,1.2,ok,,,,
zx16_core_ahb,cpu,zx16_core_ahb,delay_map_resyn,1,3359,20573.48,0.136,0.000,6477.04,1.2,ok,,0.110,0.000,20573.48
zx16_core_ahb,cpu,zx16_core_ahb,orfs_area@adder=han-carlson,0,3214,22664.24,-0.149,-2.102,6277.14,1.2,ok,,,,
zx16_core_ahb,cpu,zx16_core_ahb,delay_map_resyn@adder=han-carlson,0,3300,21639.50,0.889,0.000,5728.27,1.2,ok,,,,
zx16_core_ahb,cpu,zx16_core_ahb,orfs_area@adder=sklansky,0,3200,22785.60,-0.202,-1.785,6184.37,1.2,ok,,,,
zx16_core_ahb,cpu,zx16_core_ahb,delay_map_resyn@adder=kogge-stone,0,3426,21555.67,0.652,0.000,5875.45,1.3,ok,,,,
zx16_core_ahb,cpu,zx16_core_ahb,orfs_area@adder=kogge-stone,0,3282,22615.44,0.051,0.000,6260.41,1.3,ok,,,,
zx16_core_ahb,cpu,zx16_core_ahb,delay_map_resyn@adder=sklansky,0,3372,21266.65,0.547,0.000,6021.83,1.3,ok,,,,
zx16_core_ahb,cpu,zx16_core_ahb,delay_syn2@adder=sklansky,0,2975,20970.11,-0.375,-15.388,6608.41,1.0,ok,,,,
zx16_core_ahb,cpu,zx16_core_ahb,delay_choice_deep_v3@adder=sklansky,0,2920,20274.44,-0.509,-24.798,6704.12,1.0,ok,,,,
zx16_core_ahb,cpu,zx16_core_ahb,delay_choice_deep_v3@booth,0,2891,19890.33,-0.916,-50.595,7143.65,0.9,ok,,,,
zx16_core_ahb,cpu,zx16_core_ahb,delay_map@booth,0,3680,23085.89,0.768,0.000,5788.22,1.0,ok,,,,
zx16_core_ahb,cpu,zx16_core_ahb,delay_syn2@booth,0,2943,20587.24,-0.579,-29.404,6711.47,1.0,ok,,,,
zx16_core_ahb,cpu,zx16_core_ahb,delay_map_resyn@booth,0,3359,20573.48,0.136,0.000,6477.04,1.2,ok,,,,
zx16_core_ahb,cpu,zx16_core_ahb,delay_map@booth+adder=kogge-stone,0,3850,23078.38,0.675,0.000,5905.38,1.1,ok,,,,
zx16_core_ahb,cpu,zx16_core_ahb,delay_choice_deep_v3@booth+adder=kogge-stone,0,2994,20333.25,-1.016,-67.314,7127.18,1.0,ok,,,,
zx16_core_ahb,cpu,zx16_core_ahb,orfs_area@booth,0,3169,22372.71,-0.005,-0.011,6243.24,1.2,ok,,,,
zx16_core_ahb,cpu,zx16_core_ahb,delay_syn2@booth+adder=kogge-stone,0,3153,22248.84,-0.104,-0.934,6206.59,1.0,ok,,,,
zx16_core_ahb,cpu,zx16_core_ahb,delay_map_resyn@booth+adder=kogge-stone,0,3426,21555.67,0.652,0.000,5875.45,1.2,ok,,,,
zx16_core_ahb,cpu,zx16_core_ahb,orfs_area@booth+adder=kogge-stone,0,3282,22615.44,0.051,0.000,6260.41,1.2,ok,,,,
zxip,soc_ip,zxip_top,orfs_area@adder=kogge-stone,0,18062,163282.85,-1.955,-27.463,5041.06,5.1,ok,,,,
zxip,soc_ip,zxip_top,orfs_area,0,18202,164851.86,-2.213,-31.690,4762.85,5.2,ok,,,,
zxip,soc_ip,zxip_top,orfs_area@adder=sklansky,0,18083,164869.37,-2.213,-31.714,4879.19,5.3,ok,,,,
zxip,soc_ip,zxip_top,orfs_area@adder=han-carlson,0,18433,163127.70,-1.955,-27.456,5014.22,5.3,ok,,,,
zxip,soc_ip,zxip_top,delay_choice_deep_v3,0,18186,161253.40,-1.238,-14.822,4946.96,5.6,ok,,,,
zxip,soc_ip,zxip_top,delay_syn2@adder=kogge-stone,0,18183,161478.62,-1.976,-26.967,4964.82,5.7,ok,,,,
zxip,soc_ip,zxip_top,delay_choice_deep_v3@adder=han-carlson,0,18053,161309.71,-1.238,-14.837,4989.11,5.7,ok,,,,
zxip,soc_ip,zxip_top,delay_syn2,0,18278,161454.85,-1.996,-26.909,5277.95,5.8,ok,,,,
zxip,soc_ip,zxip_top,delay_choice_deep_v3@adder=kogge-stone,0,18109,160372.56,-1.375,-17.133,5215.58,5.8,ok,,,,
zxip,soc_ip,zxip_top,delay_syn2@adder=han-carlson,0,18403,161743.88,-2.006,-27.438,5381.38,5.8,ok,,,,
zxip,soc_ip,zxip_top,delay_map,0,23159,162833.67,-1.875,-24.963,4642.67,5.9,ok,,,,
zxip,soc_ip,zxip_top,delay_map@adder=sklansky,0,22604,160497.68,-1.803,-23.706,4596.74,5.9,ok,,,,
zxip,soc_ip,zxip_top,delay_map@adder=kogge-stone,0,23283,163275.34,-1.875,-25.110,4527.43,6.0,ok,,,,
zxip,soc_ip,zxip_top,delay_map@adder=han-carlson,0,23235,163829.63,-1.935,-25.734,4486.40,6.2,ok,,,,
zxip,soc_ip,zxip_top,delay_map_resyn,0,22489,159531.75,-1.429,-19.752,4735.02,7.2,ok,,,,
zxip,soc_ip,zxip_top,delay_map_resyn@adder=kogge-stone,0,23070,162030.40,-1.713,-22.546,4480.06,7.3,ok,,,,
zxip,soc_ip,zxip_top,delay_map_resyn@adder=han-carlson,0,22858,162061.68,-1.613,-22.699,4570.75,7.4,ok,,,,
zxip,soc_ip,zxip_top,delay_map_resyn@adder=sklansky,0,22713,160266.21,-1.375,-19.230,4724.65,7.4,ok,,,,
zxip,soc_ip,zxip_top,delay_choice_deep_v3@adder=sklansky,1,18096,161348.50,-1.237,-15.322,4861.02,5.4,ok,,-0.470,-5.290,161572.46
zxip,soc_ip,zxip_top,orfs_area@booth,0,18202,164851.86,-2.213,-31.690,4762.85,5.0,ok,,,,
zxip,soc_ip,zxip_top,orfs_area@booth+adder=kogge-stone,0,18062,163282.85,-1.955,-27.463,5041.06,4.9,ok,,,,
zxip,soc_ip,zxip_top,delay_syn2@adder=sklansky,0,18551,162135.50,-1.940,-27.258,5169.40,5.7,ok,,,,
zxip,soc_ip,zxip_top,delay_choice_deep_v3@booth,0,18186,161253.40,-1.238,-14.822,4946.96,5.3,ok,,,,
zxip,soc_ip,zxip_top,delay_map@booth,0,23159,162833.67,-1.875,-24.963,4642.67,5.7,ok,,,,
zxip,soc_ip,zxip_top,delay_syn2@booth,0,18278,161454.85,-1.996,-26.909,5277.95,5.4,ok,,,,
zxip,soc_ip,zxip_top,delay_choice_deep_v3@booth+adder=kogge-stone,0,18109,160372.56,-1.375,-17.133,5215.58,5.4,ok,,,,
zxip,soc_ip,zxip_top,delay_syn2@booth+adder=kogge-stone,0,18183,161478.62,-1.976,-26.967,4964.82,5.3,ok,,,,
zxip,soc_ip,zxip_top,delay_map@booth+adder=kogge-stone,0,23283,163275.34,-1.875,-25.110,4527.43,5.7,ok,,,,
zxip,soc_ip,zxip_top,delay_map_resyn@booth,0,22489,159531.75,-1.429,-19.752,4735.02,6.4,ok,,,,
zxip,soc_ip,zxip_top,delay_map_resyn@booth+adder=kogge-stone,0,23070,162030.40,-1.713,-22.546,4480.06,6.5,ok,,,,
ms_psram_ahb,soc_ip,ms_psram_ahb,orfs_area,0,3090,28030.63,-0.798,-2.424,3578.21,0.7,ok,,,,
ms_psram_ahb,soc_ip,ms_psram_ahb,delay_choice_deep_v3,0,2998,28192.04,-0.817,-2.450,3556.19,0.8,ok,,,,
ms_psram_ahb,soc_ip,ms_psram_ahb,delay_syn2@adder=kogge-stone,0,2922,26939.59,-1.383,-5.820,3928.24,0.8,ok,,,,
ms_psram_ahb,soc_ip,ms_psram_ahb,orfs_area@adder=kogge-stone,0,3129,28317.16,-0.835,-2.505,3484.17,0.8,ok,,,,
ms_psram_ahb,soc_ip,ms_psram_ahb,orfs_area@adder=han-carlson,0,3039,28273.37,-0.703,-2.268,4093.60,0.8,ok,,,,
ms_psram_ahb,soc_ip,ms_psram_ahb,orfs_area@adder=sklansky,0,3068,27979.33,-0.985,-3.159,3674.12,0.8,ok,,,,
ms_psram_ahb,soc_ip,ms_psram_ahb,delay_syn2,0,2926,26638.05,-1.518,-7.501,4545.51,0.8,ok,,,,
ms_psram_ahb,soc_ip,ms_psram_ahb,delay_map_resyn,0,3132,25215.43,-0.633,-1.899,3601.03,0.8,ok,,,,
ms_psram_ahb,soc_ip,ms_psram_ahb,delay_syn2@adder=han-carlson,0,2892,27104.75,-1.314,-5.347,3832.78,0.9,ok,,,,
ms_psram_ahb,soc_ip,ms_psram_ahb,delay_map,0,3470,26975.87,-1.679,-5.036,3298.57,0.9,ok,,,,
ms_psram_ahb,soc_ip,ms_psram_ahb,delay_choice_deep_v3@adder=han-carlson,0,3073,28225.82,-1.308,-3.924,3639.99,0.9,ok,,,,
ms_psram_ahb,soc_ip,ms_psram_ahb,delay_map@adder=kogge-stone,0,3545,27294.93,-1.334,-4.002,3138.49,0.9,ok,,,,
ms_psram_ahb,soc_ip,ms_psram_ahb,delay_choice_deep_v3@adder=kogge-stone,0,3074,28527.36,-1.423,-4.375,3540.21,0.9,ok,,,,
ms_psram_ahb,soc_ip,ms_psram_ahb,delay_map@adder=han-carlson,0,3518,27228.61,-1.376,-4.127,3200.36,0.9,ok,,,,
ms_psram_ahb,soc_ip,ms_psram_ahb,delay_map_resyn@adder=sklansky,1,3084,24707.45,-0.633,-1.899,3646.49,0.9,ok,,0.470,0.000,24713.70
ms_psram_ahb,soc_ip,ms_psram_ahb,delay_map@adder=sklansky,0,3540,26862.01,-1.672,-5.016,3312.75,0.9,ok,,,,
ms_psram_ahb,soc_ip,ms_psram_ahb,delay_map_resyn@adder=han-carlson,0,3140,25269.24,-0.657,-1.971,3599.04,1.0,ok,,,,
ms_psram_ahb,soc_ip,ms_psram_ahb,delay_map_resyn@adder=kogge-stone,0,3168,25115.34,-0.862,-2.587,3596.40,1.0,ok,,,,
ms_psram_ahb,soc_ip,ms_psram_ahb,orfs_area@booth,0,3090,28030.63,-0.798,-2.424,3578.21,0.7,ok,,,,
ms_psram_ahb,soc_ip,ms_psram_ahb,delay_syn2@adder=sklansky,0,2909,26618.03,-1.551,-7.958,4700.05,0.8,ok,,,,
ms_psram_ahb,soc_ip,ms_psram_ahb,delay_choice_deep_v3@adder=sklansky,0,3000,28029.38,-1.342,-4.349,3952.49,0.9,ok,,,,
ms_psram_ahb,soc_ip,ms_psram_ahb,orfs_area@booth+adder=kogge-stone,0,3129,28317.16,-0.835,-2.505,3484.17,0.7,ok,,,,
ms_psram_ahb,soc_ip,ms_psram_ahb,delay_syn2@booth,0,2926,26638.05,-1.518,-7.501,4545.51,0.8,ok,,,,
ms_psram_ahb,soc_ip,ms_psram_ahb,delay_map_resyn@booth,0,3132,25215.43,-0.633,-1.899,3601.03,0.8,ok,,,,
ms_psram_ahb,soc_ip,ms_psram_ahb,delay_map@booth,0,3470,26975.87,-1.679,-5.036,3298.57,0.8,ok,,,,
ms_psram_ahb,soc_ip,ms_psram_ahb,delay_syn2@booth+adder=kogge-stone,0,2922,26939.59,-1.383,-5.820,3928.24,0.7,ok,,,,
ms_psram_ahb,soc_ip,ms_psram_ahb,delay_choice_deep_v3@booth,0,2998,28192.04,-0.817,-2.450,3556.19,0.8,ok,,,,
ms_psram_ahb,soc_ip,ms_psram_ahb,delay_map_resyn@booth+adder=kogge-stone,0,3168,25115.34,-0.862,-2.587,3596.40,0.9,ok,,,,
ms_psram_ahb,soc_ip,ms_psram_ahb,delay_choice_deep_v3@booth+adder=kogge-stone,0,3074,28527.36,-1.423,-4.375,3540.21,0.8,ok,,,,
ms_psram_ahb,soc_ip,ms_psram_ahb,delay_map@booth+adder=kogge-stone,0,3545,27294.93,-1.334,-4.002,3138.49,0.9,ok,,,,
uart_apb_sys,soc_ip,uart_apb_sys,delay_map,0,2100,17550.58,4.119,0.000,2470.27,0.5,ok,,,,
uart_apb_sys,soc_ip,uart_apb_sys,delay_syn2,1,1898,16240.58,3.457,0.000,4049.34,0.5,ok,,3.450,0.000,16240.58
uart_apb_sys,soc_ip,uart_apb_sys,delay_map_resyn,0,1988,16583.40,4.119,0.000,2671.57,0.6,ok,,,,
uart_apb_sys,soc_ip,uart_apb_sys,orfs_area,0,1961,17575.61,3.995,0.000,3042.44,0.6,ok,,,,
uart_apb_sys,soc_ip,uart_apb_sys,delay_syn2@adder=kogge-stone,0,1910,16358.19,3.453,0.000,3722.72,0.6,ok,,,,
uart_apb_sys,soc_ip,uart_apb_sys,delay_map@adder=han-carlson,0,2252,17933.45,4.119,0.000,2486.02,0.6,ok,,,,
uart_apb_sys,soc_ip,uart_apb_sys,delay_map@adder=kogge-stone,0,2261,17616.90,4.119,0.000,2564.89,0.6,ok,,,,
uart_apb_sys,soc_ip,uart_apb_sys,delay_map@adder=sklansky,0,2244,17538.07,4.119,0.000,2564.55,0.6,ok,,,,
uart_apb_sys,soc_ip,uart_apb_sys,orfs_area@adder=sklansky,0,1992,17596.88,3.685,0.000,3032.83,0.6,ok,,,,
uart_apb_sys,soc_ip,uart_apb_sys,delay_choice_deep_v3,0,1896,17285.33,3.866,0.000,2800.08,0.6,ok,,,,
uart_apb_sys,soc_ip,uart_apb_sys,delay_map_resyn@adder=sklansky,0,1994,17015.07,4.120,0.000,2656.35,0.6,ok,,,,
uart_apb_sys,soc_ip,uart_apb_sys,delay_map_resyn@adder=kogge-stone,0,1996,17241.54,4.120,0.000,2541.62,0.6,ok,,,,
uart_apb_sys,soc_ip,uart_apb_sys,orfs_area@adder=kogge-stone,0,1938,18129.89,3.998,0.000,2800.98,0.6,ok,,,,
uart_apb_sys,soc_ip,uart_apb_sys,orfs_area@adder=han-carlson,0,1989,17790.81,3.665,0.000,2999.88,0.6,ok,,,,
uart_apb_sys,soc_ip,uart_apb_sys,delay_syn2@adder=han-carlson,0,1903,16528.35,3.666,0.000,3331.15,0.6,ok,,,,
uart_apb_sys,soc_ip,uart_apb_sys,delay_map_resyn@adder=han-carlson,0,1991,17385.42,4.120,0.000,2514.93,0.7,ok,,,,
uart_apb_sys,soc_ip,uart_apb_sys,delay_choice_deep_v3@adder=han-carlson,0,1921,17153.95,3.697,0.000,3008.16,0.7,ok,,,,
uart_apb_sys,soc_ip,uart_apb_sys,delay_choice_deep_v3@adder=kogge-stone,0,1932,17188.99,3.697,0.000,2951.72,0.7,ok,,,,
uart_apb_sys,soc_ip,uart_apb_sys,delay_syn2@adder=sklansky,0,1907,16298.13,3.454,0.000,4326.17,0.5,ok,,,,
uart_apb_sys,soc_ip,uart_apb_sys,delay_map@booth,0,2100,17550.58,4.119,0.000,2470.27,0.5,ok,,,,
uart_apb_sys,soc_ip,uart_apb_sys,delay_syn2@booth,0,1898,16240.58,3.457,0.000,4049.34,0.5,ok,,,,
uart_apb_sys,soc_ip,uart_apb_sys,delay_choice_deep_v3@adder=sklansky,0,1910,17073.88,3.640,0.000,2944.01,0.7,ok,,,,
uart_apb_sys,soc_ip,uart_apb_sys,orfs_area@booth,0,1961,17575.61,3.995,0.000,3042.44,0.6,ok,,,,
uart_apb_sys,soc_ip,uart_apb_sys,delay_choice_deep_v3@booth,0,1896,17285.33,3.866,0.000,2800.08,0.6,ok,,,,
uart_apb_sys,soc_ip,uart_apb_sys,delay_map@booth+adder=kogge-stone,0,2261,17616.90,4.119,0.000,2564.89,0.6,ok,,,,
uart_apb_sys,soc_ip,uart_apb_sys,delay_map_resyn@booth,0,1988,16583.40,4.119,0.000,2671.57,0.6,ok,,,,
uart_apb_sys,soc_ip,uart_apb_sys,delay_syn2@booth+adder=kogge-stone,0,1910,16358.19,3.453,0.000,3722.72,0.6,ok,,,,
uart_apb_sys,soc_ip,uart_apb_sys,delay_map_resyn@booth+adder=kogge-stone,0,1996,17241.54,4.120,0.000,2541.62,0.6,ok,,,,
uart_apb_sys,soc_ip,uart_apb_sys,orfs_area@booth+adder=kogge-stone,0,1938,18129.89,3.998,0.000,2800.98,0.6,ok,,,,
uart_apb_sys,soc_ip,uart_apb_sys,delay_choice_deep_v3@booth+adder=kogge-stone,0,1932,17188.99,3.697,0.000,2951.72,0.7,ok,,,,
